{"type": "FeatureCollection", "features": [{"type": "Feature", "properties": {"name": "", "kind": "road"}, "geometry": {"type": "LineString", "coordinates": [[-0.1191674, 51.4975732], [-0.1192564, 51.4976433], [-0.1193085, 51.4976844], [-0.1193048, 51.4977028], [-0.1193013, 51.4977205], [-0.1191642, 51.4984095], [-0.1191518, 51.4984721], [-0.1191382, 51.4985435], [-0.1190898, 51.4985571]]}}, {"type": "Feature", "properties": {"name": "Lambeth Walk", "kind": "road"}, "geometry": {"type": "LineString", "coordinates": [[-0.1131295, 51.4960798], [-0.1130732, 51.4960098], [-0.113008, 51.4959337], [-0.112942, 51.4958618], [-0.1127918, 51.4957041], [-0.1127004, 51.4955971], [-0.1126883, 51.4955795], [-0.1126791, 51.495566], [-0.1126733, 51.4955507], [-0.1126655, 51.495522], [-0.1126671, 51.4955148]]}}, {"type": "Feature", "properties": {"name": "Cosser Street", "kind": "road"}, "geometry": {"type": "LineString", "coordinates": [[-0.1141858, 51.4971613], [-0.1141158, 51.497133], [-0.1140899, 51.4971225], [-0.1138148, 51.4971016], [-0.1135974, 51.4970854], [-0.1135532, 51.4970823], [-0.1133222, 51.4970652], [-0.1126777, 51.4970165]]}}, {"type": "Feature", "properties": {"name": "Carlisle Lane", "kind": "road"}, "geometry": {"type": "LineString", "coordinates": [[-0.114942, 51.4963687], [-0.1150175, 51.4963938]]}}, {"type": "Feature", "properties": {"name": "Centaur Street", "kind": "road"}, "geometry": {"type": "LineString", "coordinates": [[-0.1149869, 51.4983337], [-0.1149802, 51.498332], [-0.114971, 51.4983274]]}}, {"type": "Feature", "properties": {"name": "Virgil Street", "kind": "road"}, "geometry": {"type": "LineString", "coordinates": [[-0.1138109, 51.49744], [-0.1138556, 51.4974588], [-0.1138806, 51.4974767], [-0.1139515, 51.4975151], [-0.1140513, 51.4975543], [-0.1142527, 51.4976307]]}}, {"type": "Feature", "properties": {"name": "Royal Street", "kind": "road"}, "geometry": {"type": "LineString", "coordinates": [[-0.1169738, 51.4989348], [-0.1169237, 51.4989275], [-0.1168474, 51.498915]]}}, {"type": "Feature", "properties": {"name": "Upper Marsh", "kind": "road"}, "geometry": {"type": "LineString", "coordinates": [[-0.116446, 51.4988438], [-0.1164316, 51.4988753], [-0.1164222, 51.4988914], [-0.1164134, 51.4989044], [-0.1164042, 51.4989214], [-0.1163808, 51.4989862], [-0.1163215, 51.4991415]]}}, {"type": "Feature", "properties": {"name": "", "kind": "road"}, "geometry": {"type": "LineString", "coordinates": [[-0.1168711, 51.4996728], [-0.1169667, 51.4996784], [-0.1170157, 51.4996812], [-0.1175919, 51.4997258], [-0.1176252, 51.4997284]]}}, {"type": "Feature", "properties": {"name": "Newnham Terrace", "kind": "road"}, "geometry": {"type": "LineString", "coordinates": [[-0.1126195, 51.498362], [-0.1126673, 51.4983823], [-0.1126898, 51.4983909], [-0.1128439, 51.4984578], [-0.1130108, 51.49853], [-0.1131543, 51.498592], [-0.1131907, 51.4986073]]}}, {"type": "Feature", "properties": {"name": "Sidford Place", "kind": "road"}, "geometry": {"type": "LineString", "coordinates": [[-0.1150131, 51.4961752], [-0.1148829, 51.4961534], [-0.1148669, 51.4961507], [-0.1147611, 51.4961582], [-0.1146179, 51.4961842], [-0.1144188, 51.4962297], [-0.1143819, 51.4962061]]}}, {"type": "Feature", "properties": {"name": "", "kind": "road"}, "geometry": {"type": "LineString", "coordinates": [[-0.1176157, 51.4998585], [-0.1188328, 51.4999489], [-0.1189161, 51.4999517]]}}, {"type": "Feature", "properties": {"name": "Carlisle Lane", "kind": "road"}, "geometry": {"type": "LineString", "coordinates": [[-0.1149756, 51.4984477], [-0.1149837, 51.4984303], [-0.1150064, 51.4983776]]}}, {"type": "Feature", "properties": {"name": "Sail Street", "kind": "road"}, "geometry": {"type": "LineString", "coordinates": [[-0.1156656, 51.4952671], [-0.1156843, 51.4952381], [-0.1158425, 51.4949999], [-0.1158752, 51.4949488], [-0.1161495, 51.4945632], [-0.1162035, 51.494488], [-0.1162141, 51.4944566], [-0.1161918, 51.4942836], [-0.1161911, 51.4942784], [-0.1161939, 51.4942424]]}}, {"type": "Feature", "properties": {"name": "Westminster Bridge Road", "kind": "road"}, "geometry": {"type": "LineString", "coordinates": [[-0.1186038, 51.5008199], [-0.1184694, 51.5008145]]}}, {"type": "Feature", "properties": {"name": "Westminster Bridge Road", "kind": "road"}, "geometry": {"type": "LineString", "coordinates": [[-0.1186098, 51.500744], [-0.1187921, 51.5007511], [-0.1189898, 51.5007931]]}}, {"type": "Feature", "properties": {"name": "Carlisle Lane", "kind": "road"}, "geometry": {"type": "LineString", "coordinates": [[-0.1154775, 51.4965805], [-0.1155238, 51.4965971]]}}, {"type": "Feature", "properties": {"name": "", "kind": "road"}, "geometry": {"type": "LineString", "coordinates": [[-0.117468, 51.4988887], [-0.1174495, 51.4989613], [-0.1174122, 51.4989937], [-0.1173472, 51.4990188], [-0.1172873, 51.4990312], [-0.1172212, 51.4990316], [-0.1171484, 51.4990244]]}}, {"type": "Feature", "properties": {"name": "Royal Street", "kind": "road"}, "geometry": {"type": "LineString", "coordinates": [[-0.116446, 51.4988438], [-0.1163788, 51.4988268], [-0.1158127, 51.4986469], [-0.1156894, 51.4986057], [-0.1150877, 51.4984088], [-0.1150604, 51.4984002], [-0.1150309, 51.4983883], [-0.1150064, 51.4983776]]}}, {"type": "Feature", "properties": {"name": "Leake Street", "kind": "road"}, "geometry": {"type": "LineString", "coordinates": [[-0.1155611, 51.5018728], [-0.1154454, 51.5017996], [-0.115401, 51.5017714], [-0.1144157, 51.5011471], [-0.1139305, 51.5008358], [-0.1139225, 51.5008307]]}}, {"type": "Feature", "properties": {"name": "", "kind": "road"}, "geometry": {"type": "LineString", "coordinates": [[-0.1158425, 51.4949999], [-0.1159181, 51.4950166], [-0.1159337, 51.49502]]}}, {"type": "Feature", "properties": {"name": "Westminster Bridge Road", "kind": "road"}, "geometry": {"type": "LineString", "coordinates": [[-0.1199979, 51.5007986], [-0.1198088, 51.500799]]}}, {"type": "Feature", "properties": {"name": "Westminster Bridge Road", "kind": "road"}, "geometry": {"type": "LineString", "coordinates": [[-0.113803, 51.499553], [-0.1139497, 51.4995822], [-0.1140839, 51.4996388]]}}, {"type": "Feature", "properties": {"name": "", "kind": "road"}, "geometry": {"type": "LineString", "coordinates": [[-0.1192244, 51.5007958], [-0.1192169, 51.5008612], [-0.1192153, 51.5008877], [-0.1192095, 51.5009255], [-0.1191959, 51.5009712]]}}, {"type": "Feature", "properties": {"name": "Addington Street", "kind": "road"}, "geometry": {"type": "LineString", "coordinates": [[-0.1160102, 51.5008255], [-0.1159854, 51.5008476], [-0.115968, 51.5008698], [-0.1159539, 51.5009019], [-0.1159512, 51.500937], [-0.1159586, 51.5009628], [-0.1159727, 51.5010008], [-0.1159881, 51.5010275], [-0.1160129, 51.5010509]]}}, {"type": "Feature", "properties": {"name": "Westminster Bridge Road", "kind": "road"}, "geometry": {"type": "LineString", "coordinates": [[-0.1164341, 51.5004564], [-0.1165399, 51.5004298], [-0.1165873, 51.5003999], [-0.1166285, 51.5003814], [-0.1166782, 51.5003673], [-0.1167413, 51.500361]]}}, {"type": "Feature", "properties": {"name": "", "kind": "road"}, "geometry": {"type": "LineString", "coordinates": [[-0.1146991, 51.4948141], [-0.1141501, 51.4949465], [-0.1141448, 51.4949963], [-0.1141703, 51.4951097], [-0.1140989, 51.4951261], [-0.1136362, 51.4952226]]}}, {"type": "Feature", "properties": {"name": "", "kind": "road"}, "geometry": {"type": "LineString", "coordinates": [[-0.1136362, 51.4952226], [-0.1136133, 51.4952596], [-0.1136173, 51.4953267], [-0.1135605, 51.495347], [-0.1132651, 51.495434], [-0.1132127, 51.4954458], [-0.1132319, 51.4954946], [-0.1133493, 51.4956899], [-0.113376, 51.4956971]]}}, {"type": "Feature", "properties": {"name": "", "kind": "road"}, "geometry": {"type": "LineString", "coordinates": [[-0.1175532, 51.4953678], [-0.1174337, 51.4953328], [-0.1173356, 51.4952559], [-0.1173256, 51.49522], [-0.1172985, 51.4951514], [-0.1172984, 51.4950731]]}}, {"type": "Feature", "properties": {"name": "", "kind": "road"}, "geometry": {"type": "LineString", "coordinates": [[-0.1127542, 51.4965236], [-0.1127228, 51.496536], [-0.1127185, 51.496568], [-0.112789, 51.4967116], [-0.1128308, 51.4967773], [-0.1129239, 51.4969284], [-0.113338, 51.4969602], [-0.113688, 51.4969882], [-0.1137328, 51.4969484], [-0.1137538, 51.4969335], [-0.1138491, 51.4968479], [-0.1139308, 51.4967745], [-0.1140641, 51.4966548], [-0.1141126, 51.4966121], [-0.1141231, 51.4965991]]}}, {"type": "Feature", "properties": {"name": "", "kind": "road"}, "geometry": {"type": "LineString", "coordinates": [[-0.1145936, 51.49677], [-0.1144803, 51.4967176], [-0.1144651, 51.4967113], [-0.1144392, 51.496702], [-0.1142945, 51.4966547], [-0.1141231, 51.4965991], [-0.1139885, 51.4965493], [-0.1138892, 51.496519], [-0.1138709, 51.4965037], [-0.1138293, 51.4964616]]}}, {"type": "Feature", "properties": {"name": "", "kind": "road"}, "geometry": {"type": "LineString", "coordinates": [[-0.1144392, 51.496702], [-0.1144734, 51.496666], [-0.11451, 51.4966274], [-0.1145417, 51.4965762], [-0.1145862, 51.4965211], [-0.1146037, 51.496512], [-0.1146432, 51.4964721], [-0.1147336, 51.4963337]]}}, {"type": "Feature", "properties": {"name": "", "kind": "road"}, "geometry": {"type": "LineString", "coordinates": [[-0.1148669, 51.4961507], [-0.1148373, 51.49604], [-0.1148203, 51.4960139], [-0.1147941, 51.4960009], [-0.1147365, 51.4959976], [-0.1146462, 51.4960213], [-0.1146121, 51.4960441], [-0.1145126, 51.4960791], [-0.1144511, 51.4960628], [-0.1143961, 51.4960767], [-0.1143607, 51.4961085], [-0.1143581, 51.4961395], [-0.1143764, 51.4961949], [-0.1143819, 51.4962061]]}}, {"type": "Feature", "properties": {"name": "", "kind": "road"}, "geometry": {"type": "LineString", "coordinates": [[-0.1146115, 51.4950011], [-0.1149066, 51.4949375]]}}, {"type": "Feature", "properties": {"name": "", "kind": "road"}, "geometry": {"type": "LineString", "coordinates": [[-0.1143588, 51.4950686], [-0.1141703, 51.4951097]]}}, {"type": "Feature", "properties": {"name": "China Walk", "kind": "road"}, "geometry": {"type": "LineString", "coordinates": [[-0.1140989, 51.4951261], [-0.1143913, 51.495591], [-0.1144466, 51.495671], [-0.1145007, 51.4957517]]}}, {"type": "Feature", "properties": {"name": "China Walk", "kind": "road"}, "geometry": {"type": "LineString", "coordinates": [[-0.1135605, 51.495347], [-0.1137999, 51.4957128], [-0.1138243, 51.4957587], [-0.1138605, 51.4958196], [-0.113904, 51.4958936]]}}, {"type": "Feature", "properties": {"name": "China Walk", "kind": "road"}, "geometry": {"type": "LineString", "coordinates": [[-0.1148968, 51.4949098], [-0.1149066, 51.4949375], [-0.1150079, 51.4951169], [-0.1150594, 51.4951114], [-0.1151132, 51.4951993], [-0.1150969, 51.4952283], [-0.1151209, 51.4952638], [-0.1152055, 51.4954163], [-0.1152429, 51.4954758], [-0.1152555, 51.495496], [-0.1152908, 51.4955592]]}}, {"type": "Feature", "properties": {"name": "", "kind": "road"}, "geometry": {"type": "LineString", "coordinates": [[-0.1193169, 51.4948499], [-0.1193333, 51.4949249], [-0.1192945, 51.4950264], [-0.1193693, 51.4952081]]}}, {"type": "Feature", "properties": {"name": "", "kind": "road"}, "geometry": {"type": "LineString", "coordinates": [[-0.119789, 51.4953183], [-0.1200332, 51.4951886], [-0.1201283, 51.4951916]]}}, {"type": "Feature", "properties": {"name": "", "kind": "road"}, "geometry": {"type": "LineString", "coordinates": [[-0.1196994, 51.4954764], [-0.119761, 51.4955101], [-0.119728, 51.4956785]]}}, {"type": "Feature", "properties": {"name": "Hercules Road Arches", "kind": "road"}, "geometry": {"type": "LineString", "coordinates": [[-0.1154323, 51.4955239], [-0.1154692, 51.4955944], [-0.1154712, 51.4955993], [-0.1154103, 51.4957131]]}}, {"type": "Feature", "properties": {"name": "", "kind": "road"}, "geometry": {"type": "LineString", "coordinates": [[-0.1162771, 51.4953143], [-0.1163221, 51.4953896], [-0.1163758, 51.4954796]]}}, {"type": "Feature", "properties": {"name": "", "kind": "road"}, "geometry": {"type": "LineString", "coordinates": [[-0.1163758, 51.4954796], [-0.1164094, 51.4955405], [-0.1164204, 51.4955588]]}}, {"type": "Feature", "properties": {"name": "", "kind": "road"}, "geometry": {"type": "LineString", "coordinates": [[-0.1164204, 51.4955588], [-0.1165409, 51.4958024], [-0.1165094, 51.4958697]]}}, {"type": "Feature", "properties": {"name": "Carlisle Lane", "kind": "road"}, "geometry": {"type": "LineString", "coordinates": [[-0.1150625, 51.4964088], [-0.1154497, 51.4965706]]}}, {"type": "Feature", "properties": {"name": "Virgil Street", "kind": "road"}, "geometry": {"type": "LineString", "coordinates": [[-0.1142527, 51.4976307], [-0.1150279, 51.4979188]]}}, {"type": "Feature", "properties": {"name": "Virgil Street", "kind": "road"}, "geometry": {"type": "LineString", "coordinates": [[-0.1150279, 51.4979188], [-0.1150861, 51.4979357], [-0.1150924, 51.4979373], [-0.1150998, 51.4979392], [-0.1151529, 51.4979526]]}}, {"type": "Feature", "properties": {"name": "Carlisle Lane", "kind": "road"}, "geometry": {"type": "LineString", "coordinates": [[-0.1142097, 51.4996963], [-0.1142676, 51.4996552]]}}, {"type": "Feature", "properties": {"name": "Centaur Street", "kind": "road"}, "geometry": {"type": "LineString", "coordinates": [[-0.113975, 51.497965], [-0.1139432, 51.4979552], [-0.11369, 51.4978654], [-0.1134921, 51.4977773], [-0.1134734, 51.497769], [-0.1134097, 51.49774]]}}, {"type": "Feature", "properties": {"name": "Upper Marsh", "kind": "road"}, "geometry": {"type": "LineString", "coordinates": [[-0.1162529, 51.499314], [-0.1161184, 51.499355], [-0.1159228, 51.4994201], [-0.1158716, 51.4994386], [-0.1157254, 51.4994723], [-0.1156583, 51.4994879], [-0.1155199, 51.4995277], [-0.1154221, 51.4995474]]}}, {"type": "Feature", "properties": {"name": "Upper Marsh", "kind": "road"}, "geometry": {"type": "LineString", "coordinates": [[-0.1154221, 51.4995474], [-0.1150484, 51.4996595]]}}, {"type": "Feature", "properties": {"name": "Station Approach Road", "kind": "road"}, "geometry": {"type": "LineString", "coordinates": [[-0.1141749, 51.5005307], [-0.1141296, 51.5005379], [-0.1140922, 51.5005508], [-0.1140618, 51.5005663], [-0.114025, 51.5005915], [-0.1138918, 51.5007003]]}}, {"type": "Feature", "properties": {"name": "", "kind": "road"}, "geometry": {"type": "LineString", "coordinates": [[-0.1140284, 51.4972871], [-0.1140901, 51.4973168], [-0.1141074, 51.4973251], [-0.1142464, 51.4973819], [-0.1143106, 51.4973288]]}}, {"type": "Feature", "properties": {"name": "", "kind": "road"}, "geometry": {"type": "LineString", "coordinates": [[-0.1143106, 51.4973288], [-0.1143666, 51.4972044], [-0.1142993, 51.4971788], [-0.1142889, 51.4971687], [-0.1142702, 51.4971504], [-0.1142112, 51.497141]]}}, {"type": "Feature", "properties": {"name": "", "kind": "road"}, "geometry": {"type": "LineString", "coordinates": [[-0.1129358, 51.500033], [-0.1131162, 51.500129], [-0.113173, 51.5001759], [-0.1131189, 51.5002295], [-0.1126244, 51.5005852], [-0.1125076, 51.5005801], [-0.1122613, 51.5004584], [-0.112129, 51.5005281], [-0.1120576, 51.500568], [-0.1120217, 51.500588]]}}, {"type": "Feature", "properties": {"name": "", "kind": "road"}, "geometry": {"type": "LineString", "coordinates": [[-0.1135532, 51.4970823], [-0.1135433, 51.4971347], [-0.1135386, 51.4971708], [-0.1134656, 51.4972523], [-0.1134544, 51.4973086], [-0.1134273, 51.4973749]]}}, {"type": "Feature", "properties": {"name": "Carlisle Lane", "kind": "road"}, "geometry": {"type": "LineString", "coordinates": [[-0.1149869, 51.4983337], [-0.1149917, 51.4983381], [-0.1150064, 51.4983776]]}}, {"type": "Feature", "properties": {"name": "", "kind": "road"}, "geometry": {"type": "LineString", "coordinates": [[-0.1151346, 51.4980109], [-0.1152073, 51.49802], [-0.115243, 51.4980244], [-0.1154371, 51.4980782]]}}, {"type": "Feature", "properties": {"name": "", "kind": "road"}, "geometry": {"type": "LineString", "coordinates": [[-0.1150707, 51.4981761], [-0.1151485, 51.4982018], [-0.115306, 51.4982409], [-0.1159321, 51.4984425], [-0.1161123, 51.4984986], [-0.1162015, 51.4984861], [-0.1163909, 51.4985434], [-0.1166221, 51.4986133], [-0.1166657, 51.4986259], [-0.1167032, 51.4986262], [-0.1167327, 51.4986161], [-0.1167572, 51.4985953]]}}, {"type": "Feature", "properties": {"name": "", "kind": "road"}, "geometry": {"type": "LineString", "coordinates": [[-0.1139432, 51.4979552], [-0.1139109, 51.4979883], [-0.1138891, 51.4980106], [-0.1138045, 51.4980829], [-0.1137822, 51.4981254], [-0.1138537, 51.4981725], [-0.1133705, 51.4985987], [-0.1133378, 51.4986226], [-0.1133007, 51.498627], [-0.1132826, 51.4986253], [-0.1132378, 51.4986212], [-0.1131907, 51.4986073]]}}, {"type": "Feature", "properties": {"name": "McAuley Close", "kind": "road"}, "geometry": {"type": "LineString", "coordinates": [[-0.1134273, 51.4973749], [-0.1131543, 51.4975777]]}}, {"type": "Feature", "properties": {"name": "Evelina London Children's Hospital", "kind": "hospital"}, "geometry": {"type": "Polygon", "coordinates": [[[-0.119055, 51.4984817], [-0.1190014, 51.4984807], [-0.1189845, 51.4985202], [-0.1187318, 51.4985003], [-0.1187243, 51.4985294], [-0.1186156, 51.498518], [-0.1186196, 51.4984924], [-0.1183188, 51.4984658], [-0.1183144, 51.4984922], [-0.1182089, 51.4984832], [-0.1182129, 51.4984564], [-0.1177008, 51.4984166], [-0.1181055, 51.4981176], [-0.1190879, 51.4982008], [-0.1190546, 51.4984048], [-0.119055, 51.4984817]]]}}, {"type": "Feature", "properties": {"name": "St Thomas' Hospital", "kind": "hospital"}, "geometry": {"type": "Polygon", "coordinates": [[[-0.1205034, 51.4976365], [-0.1200594, 51.4999572], [-0.1200284, 51.500129], [-0.1199852, 51.5003352], [-0.1199412, 51.5003321], [-0.1199049, 51.5003291], [-0.1198398, 51.5006719], [-0.1196842, 51.5006733], [-0.1192786, 51.5006619], [-0.1190359, 51.500655], [-0.1190138, 51.5006651], [-0.1189805, 51.5006619], [-0.1189531, 51.5006594], [-0.1188925, 51.5006464], [-0.1188182, 51.5006142], [-0.1187533, 51.500648], [-0.1183837, 51.5006438], [-0.1176398, 51.5006224], [-0.1175418, 51.500602], [-0.1174791, 51.5005804], [-0.1173985, 51.5005455], [-0.1173383, 51.5005103], [-0.1172825, 51.5004721], [-0.1169612, 51.500237], [-0.1170744, 51.499646], [-0.1171351, 51.4991334], [-0.1171918, 51.4989955], [-0.1174694, 51.4986064], [-0.1174969, 51.4985243], [-0.117511, 51.4985033], [-0.1175353, 51.49848], [-0.1175615, 51.4984549], [-0.1175796, 51.4984311], [-0.1176459, 51.498401], [-0.1180891, 51.4980993], [-0.1182169, 51.498061], [-0.1187242, 51.4978767], [-0.1188757, 51.4978171], [-0.1191531, 51.4977044], [-0.1193416, 51.4976081], [-0.1194108, 51.4975668], [-0.1194655, 51.4975293], [-0.1195494, 51.4975609], [-0.1205034, 51.4976365]]]}}, {"type": "Feature", "properties": {"name": "", "kind": "road"}, "geometry": {"type": "LineString", "coordinates": [[-0.1176137, 51.4998861], [-0.117, 51.4998506], [-0.1169814, 51.499849], [-0.1169306, 51.4998445], [-0.1168415, 51.4998365]]}}, {"type": "Feature", "properties": {"name": "", "kind": "road"}, "geometry": {"type": "LineString", "coordinates": [[-0.1188489, 51.4998434], [-0.1176528, 51.4997703], [-0.1176223, 51.4997679]]}}, {"type": "Feature", "properties": {"name": "Station Approach Road", "kind": "road"}, "geometry": {"type": "LineString", "coordinates": [[-0.1155196, 51.5008141], [-0.1154711, 51.5008081], [-0.1154286, 51.5007968], [-0.1151022, 51.5006636], [-0.1150449, 51.5006469], [-0.1149816, 51.5006325], [-0.1145154, 51.5005529], [-0.1144616, 51.5005473], [-0.1142559, 51.5005266], [-0.1142131, 51.5005271], [-0.1141749, 51.5005307]]}}, {"type": "Feature", "properties": {"name": "", "kind": "road"}, "geometry": {"type": "LineString", "coordinates": [[-0.1191959, 51.5009712], [-0.1190746, 51.5013459]]}}, {"type": "Feature", "properties": {"name": "Lambeth Palace Road", "kind": "road"}, "geometry": {"type": "LineString", "coordinates": [[-0.1168711, 51.4996728], [-0.116881, 51.4996115]]}}, {"type": "Feature", "properties": {"name": "", "kind": "road"}, "geometry": {"type": "LineString", "coordinates": [[-0.1159337, 51.49502], [-0.1163421, 51.4951402]]}}, {"type": "Feature", "properties": {"name": "Centaur Street", "kind": "road"}, "geometry": {"type": "LineString", "coordinates": [[-0.1147824, 51.4982642], [-0.113975, 51.497965]]}}, {"type": "Feature", "properties": {"name": "", "kind": "road"}, "geometry": {"type": "LineString", "coordinates": [[-0.1163421, 51.4951402], [-0.1163978, 51.4951693], [-0.1164126, 51.4951905], [-0.1164212, 51.4952029], [-0.1164663, 51.4952675]]}}, {"type": "Feature", "properties": {"name": "Lambeth Road", "kind": "road"}, "geometry": {"type": "LineString", "coordinates": [[-0.1161701, 51.4953836], [-0.1155971, 51.4955188]]}}, {"type": "Feature", "properties": {"name": "Carlisle Lane", "kind": "road"}, "geometry": {"type": "LineString", "coordinates": [[-0.1144133, 51.4993684], [-0.1144385, 51.4993176], [-0.1147824, 51.498724]]}}, {"type": "Feature", "properties": {"name": "Belvedere Road", "kind": "road"}, "geometry": {"type": "LineString", "coordinates": [[-0.1184105, 51.5010187], [-0.1184492, 51.5009286], [-0.1184603, 51.5008961], [-0.1184694, 51.5008145]]}}, {"type": "Feature", "properties": {"name": "Westminster Bridge Road", "kind": "road"}, "geometry": {"type": "LineString", "coordinates": [[-0.1159807, 51.5006594], [-0.1160065, 51.5006473], [-0.1160699, 51.5006151], [-0.116204, 51.5005584], [-0.1163019, 51.5005174], [-0.1164341, 51.5004564]]}}, {"type": "Feature", "properties": {"name": "Westminster Bridge Road", "kind": "road"}, "geometry": {"type": "LineString", "coordinates": [[-0.1179085, 51.5007185], [-0.118025, 51.5007255], [-0.1182656, 51.5007334]]}}, {"type": "Feature", "properties": {"name": "Westminster Bridge", "kind": "road"}, "geometry": {"type": "LineString", "coordinates": [[-0.1219813, 51.5008527], [-0.1199979, 51.5007986]]}}, {"type": "Feature", "properties": {"name": "Station Approach Road", "kind": "road"}, "geometry": {"type": "LineString", "coordinates": [[-0.1157708, 51.5008121], [-0.1156444, 51.5008215], [-0.1156075, 51.5008203], [-0.1155686, 51.5008173], [-0.1155196, 51.5008141]]}}, {"type": "Feature", "properties": {"name": "Lambeth Palace Road", "kind": "road"}, "geometry": {"type": "LineString", "coordinates": [[-0.1206534, 51.4956389], [-0.12078, 51.4953019], [-0.1208015, 51.4952446]]}}, {"type": "Feature", "properties": {"name": "Lambeth Road", "kind": "road"}, "geometry": {"type": "LineString", "coordinates": [[-0.1193506, 51.4947382], [-0.1192876, 51.494751], [-0.1190755, 51.4947813], [-0.118964, 51.4947984], [-0.1189295, 51.4948037], [-0.1188938, 51.4948095], [-0.1181416, 51.4949292], [-0.1172984, 51.4950731]]}}, {"type": "Feature", "properties": {"name": "", "kind": "road"}, "geometry": {"type": "LineString", "coordinates": [[-0.1205743, 51.49466], [-0.1205282, 51.4948423], [-0.1204971, 51.4949651], [-0.1204864, 51.4950003]]}}, {"type": "Feature", "properties": {"name": "", "kind": "road"}, "geometry": {"type": "LineString", "coordinates": [[-0.1191642, 51.5009674], [-0.119176, 51.5009232], [-0.1191781, 51.5009155], [-0.1191731, 51.5008999], [-0.1191562, 51.5008864], [-0.1192153, 51.5008877], [-0.1192849, 51.5008891], [-0.1192644, 51.5008965], [-0.1192454, 51.500912], [-0.1192397, 51.5009273], [-0.1192223, 51.5009744], [-0.1191959, 51.5009712], [-0.1191642, 51.5009674]]}}, {"type": "Feature", "properties": {"name": "Sail Street", "kind": "road"}, "geometry": {"type": "LineString", "coordinates": [[-0.1156022, 51.4954384], [-0.1155881, 51.4954079], [-0.1155865, 51.4953953], [-0.1155888, 51.4953854], [-0.1155968, 51.4953749], [-0.1156656, 51.4952671]]}}, {"type": "Feature", "properties": {"name": "Lower Marsh", "kind": "road"}, "geometry": {"type": "LineString", "coordinates": [[-0.114349, 51.4998996], [-0.1143135, 51.4999242], [-0.1142053, 51.5000012], [-0.1141177, 51.5000657]]}}, {"type": "Feature", "properties": {"name": "Station Approach Road", "kind": "road"}, "geometry": {"type": "LineString", "coordinates": [[-0.1138918, 51.5007003], [-0.1139127, 51.500659], [-0.1139299, 51.5006279], [-0.1139529, 51.5005993], [-0.1139827, 51.5005706], [-0.1140234, 51.5005349], [-0.1140539, 51.5005117], [-0.114076, 51.5004974], [-0.1141048, 51.5004843], [-0.114134, 51.5004774]]}}, {"type": "Feature", "properties": {"name": "Station Approach Road", "kind": "road"}, "geometry": {"type": "LineString", "coordinates": [[-0.1150577, 51.5003684], [-0.1151398, 51.5003199]]}}, {"type": "Feature", "properties": {"name": "Station Approach Road", "kind": "road"}, "geometry": {"type": "LineString", "coordinates": [[-0.1148797, 51.5004732], [-0.1149568, 51.5004277], [-0.1150062, 51.5003987], [-0.1150577, 51.5003684]]}}, {"type": "Feature", "properties": {"name": "Station Approach Road", "kind": "road"}, "geometry": {"type": "LineString", "coordinates": [[-0.1146515, 51.5005127], [-0.1146963, 51.5005191], [-0.1147423, 51.5005191], [-0.1147871, 51.5005125], [-0.1148283, 51.5004999], [-0.1148797, 51.5004732]]}}, {"type": "Feature", "properties": {"name": "Station Approach Road", "kind": "road"}, "geometry": {"type": "LineString", "coordinates": [[-0.1141979, 51.5004672], [-0.1142296, 51.5004673], [-0.1142379, 51.5004669], [-0.1142927, 51.5004674]]}}, {"type": "Feature", "properties": {"name": "Station Approach Road", "kind": "road"}, "geometry": {"type": "LineString", "coordinates": [[-0.1138918, 51.5007003], [-0.113832, 51.5007421], [-0.1137623, 51.5007906], [-0.1134946, 51.5009593], [-0.1131586, 51.5011704], [-0.1129807, 51.5012736], [-0.1129344, 51.5012977]]}}, {"type": "Feature", "properties": {"name": "Upper Marsh", "kind": "road"}, "geometry": {"type": "LineString", "coordinates": [[-0.1146671, 51.4997802], [-0.1146475, 51.4997911], [-0.1146069, 51.4998027], [-0.1145975, 51.4998054], [-0.1145767, 51.4998087]]}}, {"type": "Feature", "properties": {"name": "Westminster Bridge Road", "kind": "road"}, "geometry": {"type": "LineString", "coordinates": [[-0.1149187, 51.5002698], [-0.1148615, 51.5002229], [-0.1148497, 51.5001534]]}}, {"type": "Feature", "properties": {"name": "Westminster Bridge Road", "kind": "road"}, "geometry": {"type": "LineString", "coordinates": [[-0.1156456, 51.5006976], [-0.1156144, 51.5006724], [-0.1155826, 51.5006483], [-0.1155324, 51.5006138]]}}, {"type": "Feature", "properties": {"name": "Westminster Bridge Road", "kind": "road"}, "geometry": {"type": "LineString", "coordinates": [[-0.1155403, 51.5005382], [-0.1156422, 51.5005879]]}}, {"type": "Feature", "properties": {"name": "Westminster Bridge Road", "kind": "road"}, "geometry": {"type": "LineString", "coordinates": [[-0.1151398, 51.5003199], [-0.115253, 51.5003887], [-0.1153371, 51.5004351]]}}, {"type": "Feature", "properties": {"name": "Westminster Bridge Road", "kind": "road"}, "geometry": {"type": "LineString", "coordinates": [[-0.1156422, 51.5005879], [-0.1157149, 51.5005913], [-0.115748, 51.5006034], [-0.1158071, 51.5006233]]}}, {"type": "Feature", "properties": {"name": "Westminster Bridge Road", "kind": "road"}, "geometry": {"type": "LineString", "coordinates": [[-0.1155324, 51.5006138], [-0.1154552, 51.5005747], [-0.1152757, 51.5004916], [-0.115167, 51.5004358], [-0.1150577, 51.5003684], [-0.1149845, 51.5003189], [-0.1149187, 51.5002698]]}}, {"type": "Feature", "properties": {"name": "Westminster Bridge Road", "kind": "road"}, "geometry": {"type": "LineString", "coordinates": [[-0.1177289, 51.5007921], [-0.1176636, 51.5007894], [-0.1176355, 51.5007882]]}}, {"type": "Feature", "properties": {"name": "", "kind": "road"}, "geometry": {"type": "LineString", "coordinates": [[-0.1161156, 51.5009604], [-0.1160885, 51.5009817], [-0.1160667, 51.5009992], [-0.1160513, 51.5010121], [-0.1160222, 51.5010415]]}}, {"type": "Feature", "properties": {"name": "", "kind": "road"}, "geometry": {"type": "LineString", "coordinates": [[-0.1164374, 51.5006122], [-0.1164476, 51.5006461], [-0.1164418, 51.5006601], [-0.116425, 51.5007201], [-0.1164077, 51.5007515], [-0.1163807, 51.5007837], [-0.1163422, 51.500811], [-0.1161156, 51.5009604]]}}, {"type": "Feature", "properties": {"name": "Lambeth Road", "kind": "road"}, "geometry": {"type": "LineString", "coordinates": [[-0.1154636, 51.4955171], [-0.1154323, 51.4955239]]}}, {"type": "Feature", "properties": {"name": "Lambeth Road", "kind": "road"}, "geometry": {"type": "LineString", "coordinates": [[-0.1150505, 51.4956202], [-0.1148888, 51.4956587], [-0.1148258, 51.4956729], [-0.1148012, 51.4956788]]}}, {"type": "Feature", "properties": {"name": "", "kind": "road"}, "geometry": {"type": "LineString", "coordinates": [[-0.1155979, 51.4993725], [-0.1156356, 51.499384], [-0.1156928, 51.4994342], [-0.1156981, 51.4994408], [-0.1157254, 51.4994723]]}}, {"type": "Feature", "properties": {"name": "", "kind": "road"}, "geometry": {"type": "LineString", "coordinates": [[-0.1156583, 51.4994879], [-0.1156392, 51.4994564], [-0.1156316, 51.4994479], [-0.1156104, 51.4994058], [-0.1155979, 51.4993725]]}}, {"type": "Feature", "properties": {"name": "Lambeth Road", "kind": "road"}, "geometry": {"type": "LineString", "coordinates": [[-0.1144141, 51.4957733], [-0.113904, 51.4958936], [-0.1135311, 51.495981]]}}, {"type": "Feature", "properties": {"name": "Lambeth Road", "kind": "road"}, "geometry": {"type": "LineString", "coordinates": [[-0.1130251, 51.4961052], [-0.1127571, 51.4961712]]}}, {"type": "Feature", "properties": {"name": "Lambeth Road", "kind": "road"}, "geometry": {"type": "LineString", "coordinates": [[-0.1146993, 51.4957035], [-0.1145007, 51.4957517], [-0.1144141, 51.4957733]]}}, {"type": "Feature", "properties": {"name": "Carlisle Lane", "kind": "road"}, "geometry": {"type": "LineString", "coordinates": [[-0.1155238, 51.4965971], [-0.1155117, 51.4966265], [-0.1153369, 51.497035], [-0.1153352, 51.4973498], [-0.115314, 51.4975084], [-0.1153042, 51.4975459], [-0.115198, 51.497847], [-0.1151679, 51.4979204], [-0.1151529, 51.4979526]]}}, {"type": "Feature", "properties": {"name": "Westminster Bridge Road", "kind": "road"}, "geometry": {"type": "LineString", "coordinates": [[-0.1158925, 51.5007434], [-0.1159807, 51.5006594]]}}, {"type": "Feature", "properties": {"name": "Westminster Bridge Road", "kind": "road"}, "geometry": {"type": "LineString", "coordinates": [[-0.1167192, 51.5004717], [-0.1166588, 51.5004935], [-0.1166235, 51.5005071], [-0.1165898, 51.5005197], [-0.1165521, 51.5005362]]}}, {"type": "Feature", "properties": {"name": "Addington Street", "kind": "road"}, "geometry": {"type": "LineString", "coordinates": [[-0.1158228, 51.5010294], [-0.1158547, 51.5009919], [-0.1158453, 51.5009353], [-0.1158364, 51.5008971], [-0.1157708, 51.5008121]]}}, {"type": "Feature", "properties": {"name": "Westminster Bridge Road", "kind": "road"}, "geometry": {"type": "LineString", "coordinates": [[-0.1164321, 51.500585], [-0.1161561, 51.5007067]]}}, {"type": "Feature", "properties": {"name": "Westminster Bridge Road", "kind": "road"}, "geometry": {"type": "LineString", "coordinates": [[-0.1160697, 51.5007152], [-0.1159867, 51.5007424], [-0.1158925, 51.5007434]]}}, {"type": "Feature", "properties": {"name": "", "kind": "road"}, "geometry": {"type": "LineString", "coordinates": [[-0.1164321, 51.500585], [-0.1164374, 51.5006122]]}}, {"type": "Feature", "properties": {"name": "Westminster Bridge Road", "kind": "road"}, "geometry": {"type": "LineString", "coordinates": [[-0.1157708, 51.5008121], [-0.1158925, 51.5007434]]}}, {"type": "Feature", "properties": {"name": "Addington Street", "kind": "road"}, "geometry": {"type": "LineString", "coordinates": [[-0.1157447, 51.5009563], [-0.1157346, 51.5009215], [-0.1157281, 51.5009004], [-0.1157708, 51.5008121]]}}, {"type": "Feature", "properties": {"name": "Westminster Bridge Road", "kind": "road"}, "geometry": {"type": "LineString", "coordinates": [[-0.1157708, 51.5008121], [-0.1157035, 51.5007476], [-0.1156456, 51.5006976]]}}, {"type": "Feature", "properties": {"name": "Westminster Bridge Road", "kind": "road"}, "geometry": {"type": "LineString", "coordinates": [[-0.1175443, 51.5007413], [-0.1174786, 51.5007283], [-0.1174154, 51.5007095], [-0.117359, 51.5006848], [-0.1173112, 51.5006588]]}}, {"type": "Feature", "properties": {"name": "Westminster Bridge Road", "kind": "road"}, "geometry": {"type": "LineString", "coordinates": [[-0.1175443, 51.5007413], [-0.1176628, 51.5007071], [-0.1177124, 51.5007087], [-0.117776, 51.5007115]]}}, {"type": "Feature", "properties": {"name": "Westminster Bridge Road", "kind": "road"}, "geometry": {"type": "LineString", "coordinates": [[-0.1173112, 51.5006588], [-0.1171868, 51.5005857], [-0.1170515, 51.5004996]]}}, {"type": "Feature", "properties": {"name": "", "kind": "road"}, "geometry": {"type": "LineString", "coordinates": [[-0.1167413, 51.500361], [-0.1167192, 51.5004717]]}}, {"type": "Feature", "properties": {"name": "Westminster Bridge Road", "kind": "road"}, "geometry": {"type": "LineString", "coordinates": [[-0.1167413, 51.500361], [-0.1168183, 51.5003667], [-0.116872, 51.5003814]]}}, {"type": "Feature", "properties": {"name": "Westminster Bridge Road", "kind": "road"}, "geometry": {"type": "LineString", "coordinates": [[-0.1170515, 51.5004996], [-0.1169148, 51.5004891], [-0.1168576, 51.5004728], [-0.1167989, 51.5004688], [-0.1167192, 51.5004717]]}}, {"type": "Feature", "properties": {"name": "Lambeth Palace Road", "kind": "road"}, "geometry": {"type": "LineString", "coordinates": [[-0.1167575, 51.5002497], [-0.1167237, 51.5002023], [-0.1167271, 51.5001662], [-0.1167293, 51.5001473]]}}, {"type": "Feature", "properties": {"name": "Westminster Bridge Road", "kind": "road"}, "geometry": {"type": "LineString", "coordinates": [[-0.1189898, 51.5007931], [-0.1187812, 51.5008252], [-0.1187055, 51.5008229]]}}, {"type": "Feature", "properties": {"name": "Westminster Bridge Road", "kind": "road"}, "geometry": {"type": "LineString", "coordinates": [[-0.1182656, 51.5007334], [-0.1183303, 51.5007358], [-0.118508, 51.5007401], [-0.1186098, 51.500744]]}}, {"type": "Feature", "properties": {"name": "Westminster Bridge Road", "kind": "road"}, "geometry": {"type": "LineString", "coordinates": [[-0.1192244, 51.5007958], [-0.1194574, 51.5007976], [-0.1195081, 51.500798], [-0.1198088, 51.500799]]}}, {"type": "Feature", "properties": {"name": "", "kind": "road"}, "geometry": {"type": "LineString", "coordinates": [[-0.1162983, 51.499201], [-0.1162433, 51.4991972], [-0.1161598, 51.4991915], [-0.1151909, 51.498879]]}}, {"type": "Feature", "properties": {"name": "", "kind": "road"}, "geometry": {"type": "LineString", "coordinates": [[-0.1150273, 51.4987133], [-0.1148302, 51.4986415]]}}, {"type": "Feature", "properties": {"name": "Lambeth Palace Road", "kind": "road"}, "geometry": {"type": "LineString", "coordinates": [[-0.1173969, 51.49844], [-0.1174567, 51.498387], [-0.1174853, 51.4983641]]}}, {"type": "Feature", "properties": {"name": "Westminster Bridge Road", "kind": "road"}, "geometry": {"type": "LineString", "coordinates": [[-0.116872, 51.5003814], [-0.1169178, 51.5003962], [-0.1169415, 51.5004072], [-0.1169952, 51.500433], [-0.1170515, 51.5004996]]}}, {"type": "Feature", "properties": {"name": "Lambeth Palace Road", "kind": "road"}, "geometry": {"type": "LineString", "coordinates": [[-0.116781, 51.5000802], [-0.116836, 51.4998633]]}}, {"type": "Feature", "properties": {"name": "Westminster Bridge Road", "kind": "road"}, "geometry": {"type": "LineString", "coordinates": [[-0.1165521, 51.5005362], [-0.1164321, 51.500585]]}}, {"type": "Feature", "properties": {"name": "Westminster Bridge Road", "kind": "road"}, "geometry": {"type": "LineString", "coordinates": [[-0.1184694, 51.5008145], [-0.1179655, 51.5007982], [-0.1178469, 51.5007952]]}}, {"type": "Feature", "properties": {"name": "Westminster Bridge Road", "kind": "road"}, "geometry": {"type": "LineString", "coordinates": [[-0.1158071, 51.5006233], [-0.1158537, 51.50064], [-0.1158862, 51.5006485], [-0.115916, 51.5006548], [-0.1159807, 51.5006594]]}}, {"type": "Feature", "properties": {"name": "Westminster Bridge Road", "kind": "road"}, "geometry": {"type": "LineString", "coordinates": [[-0.1192244, 51.5007958], [-0.1189898, 51.5007931]]}}, {"type": "Feature", "properties": {"name": "", "kind": "road"}, "geometry": {"type": "LineString", "coordinates": [[-0.1169089, 51.4993936], [-0.1168066, 51.499385], [-0.1167657, 51.4993796], [-0.1167404, 51.4993783], [-0.1163162, 51.4993568]]}}, {"type": "Feature", "properties": {"name": "", "kind": "road"}, "geometry": {"type": "LineString", "coordinates": [[-0.1176014, 51.4983982], [-0.1176183, 51.4984279], [-0.1176153, 51.4984491], [-0.1175691, 51.4984933], [-0.1175408, 51.4985233], [-0.1175376, 51.4985724], [-0.117468, 51.4988887]]}}, {"type": "Feature", "properties": {"name": "Lambeth Palace Road", "kind": "road"}, "geometry": {"type": "LineString", "coordinates": [[-0.1175938, 51.4982802], [-0.1177163, 51.498197], [-0.1178932, 51.4980884], [-0.1180919, 51.4979954], [-0.1183888, 51.4978728], [-0.1187982, 51.49773]]}}, {"type": "Feature", "properties": {"name": "Lambeth Palace Road", "kind": "road"}, "geometry": {"type": "LineString", "coordinates": [[-0.1173969, 51.49844], [-0.1172571, 51.4985881], [-0.1172292, 51.4986219], [-0.1172095, 51.4986596]]}}, {"type": "Feature", "properties": {"name": "Westminster Bridge Road", "kind": "road"}, "geometry": {"type": "LineString", "coordinates": [[-0.1139513, 51.4996539], [-0.1138815, 51.4996218], [-0.113803, 51.499553]]}}, {"type": "Feature", "properties": {"name": "Westminster Bridge Road", "kind": "road"}, "geometry": {"type": "LineString", "coordinates": [[-0.1148497, 51.5001534], [-0.1149463, 51.5001766], [-0.115003, 51.5002259], [-0.1150503, 51.5002585], [-0.1151398, 51.5003199]]}}, {"type": "Feature", "properties": {"name": "Westminster Bridge Road", "kind": "road"}, "geometry": {"type": "LineString", "coordinates": [[-0.1148497, 51.5001534], [-0.1147707, 51.5000953]]}}, {"type": "Feature", "properties": {"name": "Westminster Bridge Road", "kind": "road"}, "geometry": {"type": "LineString", "coordinates": [[-0.1137558, 51.4995313], [-0.1134601, 51.4993962], [-0.1130084, 51.4991897], [-0.1128031, 51.4990861], [-0.11276, 51.4990621]]}}, {"type": "Feature", "properties": {"name": "Lambeth Palace Road", "kind": "road"}, "geometry": {"type": "LineString", "coordinates": [[-0.116881, 51.4996115], [-0.1168991, 51.4994656]]}}, {"type": "Feature", "properties": {"name": "Lambeth Palace Road", "kind": "road"}, "geometry": {"type": "LineString", "coordinates": [[-0.1171873, 51.4986926], [-0.1172124, 51.4987178]]}}, {"type": "Feature", "properties": {"name": "Lambeth Palace Road", "kind": "road"}, "geometry": {"type": "LineString", "coordinates": [[-0.117049, 51.4987929], [-0.1170906, 51.4987478], [-0.1171154, 51.4987108], [-0.1171873, 51.4986926]]}}, {"type": "Feature", "properties": {"name": "Lambeth Palace Road", "kind": "road"}, "geometry": {"type": "LineString", "coordinates": [[-0.1169714, 51.4991302], [-0.1169852, 51.4990809], [-0.1170082, 51.4990129]]}}, {"type": "Feature", "properties": {"name": "Westminster Bridge Road", "kind": "road"}, "geometry": {"type": "LineString", "coordinates": [[-0.1147084, 51.5000494], [-0.1145918, 51.4999579]]}}, {"type": "Feature", "properties": {"name": "Royal Street", "kind": "road"}, "geometry": {"type": "LineString", "coordinates": [[-0.1167284, 51.4988961], [-0.116446, 51.4988438]]}}, {"type": "Feature", "properties": {"name": "Hercules Road", "kind": "road"}, "geometry": {"type": "LineString", "coordinates": [[-0.1143371, 51.4970376], [-0.1145936, 51.49677], [-0.1147838, 51.4965576], [-0.114942, 51.4963687], [-0.114987, 51.4962737], [-0.1150131, 51.4961752], [-0.1150607, 51.4958138], [-0.1150668, 51.4957715], [-0.1150543, 51.4957417], [-0.1150527, 51.4957086], [-0.1150505, 51.4956202]]}}, {"type": "Feature", "properties": {"name": "Hercules Road", "kind": "road"}, "geometry": {"type": "LineString", "coordinates": [[-0.1126195, 51.498362], [-0.1128135, 51.4982051], [-0.1129451, 51.4981032], [-0.1133838, 51.4977571], [-0.1134097, 51.49774], [-0.1138109, 51.49744], [-0.1140284, 51.4972871], [-0.1141858, 51.4971613], [-0.1142112, 51.497141], [-0.1142635, 51.4970999]]}}, {"type": "Feature", "properties": {"name": "Carlisle Lane", "kind": "road"}, "geometry": {"type": "LineString", "coordinates": [[-0.114297, 51.4996178], [-0.1143374, 51.4995469], [-0.114397, 51.499403], [-0.1144133, 51.4993684]]}}, {"type": "Feature", "properties": {"name": "York Road", "kind": "road"}, "geometry": {"type": "LineString", "coordinates": [[-0.1175222, 51.5008261], [-0.1175148, 51.5008546], [-0.1175113, 51.500868], [-0.1174502, 51.5009611], [-0.1172451, 51.5013175], [-0.1172212, 51.5013519], [-0.1171884, 51.5013873]]}}, {"type": "Feature", "properties": {"name": "Lambeth Palace Road", "kind": "road"}, "geometry": {"type": "LineString", "coordinates": [[-0.1167522, 51.500292], [-0.1167413, 51.500361]]}}, {"type": "Feature", "properties": {"name": "Westminster Bridge Road", "kind": "road"}, "geometry": {"type": "LineString", "coordinates": [[-0.1153371, 51.5004351], [-0.1154252, 51.5004798], [-0.1155403, 51.5005382]]}}, {"type": "Feature", "properties": {"name": "Westminster Bridge Road", "kind": "road"}, "geometry": {"type": "LineString", "coordinates": [[-0.113803, 51.499553], [-0.1137558, 51.4995313]]}}, {"type": "Feature", "properties": {"name": "", "kind": "road"}, "geometry": {"type": "LineString", "coordinates": [[-0.1195043, 51.4973599], [-0.1196178, 51.4973685], [-0.1196295, 51.4973694], [-0.1199186, 51.4973842], [-0.1199429, 51.4973862], [-0.1203728, 51.4974206]]}}, {"type": "Feature", "properties": {"name": "", "kind": "road"}, "geometry": {"type": "LineString", "coordinates": [[-0.1158876, 51.4997977], [-0.1159373, 51.4995603]]}}, {"type": "Feature", "properties": {"name": "", "kind": "road"}, "geometry": {"type": "LineString", "coordinates": [[-0.1159373, 51.4995603], [-0.1159366, 51.4995265], [-0.1159045, 51.4994754], [-0.1158892, 51.4994583], [-0.1158716, 51.4994386]]}}, {"type": "Feature", "properties": {"name": "Lambeth Walk", "kind": "road"}, "geometry": {"type": "LineString", "coordinates": [[-0.1126671, 51.4955148], [-0.1126792, 51.4954941], [-0.1127034, 51.4954628], [-0.1127106, 51.4954535], [-0.1127136, 51.4954507], [-0.1127513, 51.4954222], [-0.1128601, 51.4953445], [-0.1130001, 51.4952543], [-0.1131717, 51.4951568], [-0.1133306, 51.4950765], [-0.1138548, 51.4948107], [-0.1139031, 51.4947855], [-0.1139427, 51.4947644], [-0.1141394, 51.4946718], [-0.1145635, 51.4944122], [-0.1149675, 51.4941318]]}}, {"type": "Feature", "properties": {"name": "Westminster Bridge Road", "kind": "road"}, "geometry": {"type": "LineString", "coordinates": [[-0.1145636, 51.4999022], [-0.1145877, 51.4999256], [-0.1145918, 51.4999579]]}}, {"type": "Feature", "properties": {"name": "Westminster Bridge Road", "kind": "road"}, "geometry": {"type": "LineString", "coordinates": [[-0.1144508, 51.4998183], [-0.1144888, 51.4998413]]}}, {"type": "Feature", "properties": {"name": "Upper Marsh", "kind": "road"}, "geometry": {"type": "LineString", "coordinates": [[-0.1145523, 51.4998177], [-0.1144888, 51.4998413]]}}, {"type": "Feature", "properties": {"name": "", "kind": "road"}, "geometry": {"type": "LineString", "coordinates": [[-0.1176137, 51.4998861], [-0.1176157, 51.4998585], [-0.1176223, 51.4997679], [-0.1176252, 51.4997284]]}}, {"type": "Feature", "properties": {"name": "", "kind": "road"}, "geometry": {"type": "LineString", "coordinates": [[-0.1188328, 51.4999489], [-0.1188489, 51.4998434]]}}, {"type": "Feature", "properties": {"name": "", "kind": "road"}, "geometry": {"type": "LineString", "coordinates": [[-0.1188489, 51.4998434], [-0.1189509, 51.4998519]]}}, {"type": "Feature", "properties": {"name": "", "kind": "road"}, "geometry": {"type": "LineString", "coordinates": [[-0.1188328, 51.4999489], [-0.1188265, 51.4999992]]}}, {"type": "Feature", "properties": {"name": "", "kind": "road"}, "geometry": {"type": "LineString", "coordinates": [[-0.1189509, 51.4998519], [-0.1189814, 51.4998539]]}}, {"type": "Feature", "properties": {"name": "", "kind": "road"}, "geometry": {"type": "LineString", "coordinates": [[-0.1189161, 51.4999517], [-0.1189577, 51.4999539]]}}, {"type": "Feature", "properties": {"name": "", "kind": "road"}, "geometry": {"type": "LineString", "coordinates": [[-0.1188265, 51.4999992], [-0.1188202, 51.5000494]]}}, {"type": "Feature", "properties": {"name": "", "kind": "road"}, "geometry": {"type": "LineString", "coordinates": [[-0.1205153, 51.4951597], [-0.1205483, 51.4950964]]}}, {"type": "Feature", "properties": {"name": "", "kind": "road"}, "geometry": {"type": "LineString", "coordinates": [[-0.1203097, 51.4952049], [-0.1204524, 51.4952206], [-0.1205226, 51.4952135], [-0.1205153, 51.4951597]]}}, {"type": "Feature", "properties": {"name": "", "kind": "road"}, "geometry": {"type": "LineString", "coordinates": [[-0.1205226, 51.4952135], [-0.1205778, 51.4952209], [-0.1204624, 51.4955972]]}}, {"type": "Feature", "properties": {"name": "", "kind": "road"}, "geometry": {"type": "LineString", "coordinates": [[-0.1193347, 51.4952253], [-0.1193051, 51.4952458], [-0.1192812, 51.4952691], [-0.1192637, 51.4952944], [-0.119253, 51.4953212], [-0.1192495, 51.4953487], [-0.1192532, 51.4953761], [-0.1192639, 51.4954029], [-0.1192816, 51.4954282], [-0.1193055, 51.4954514], [-0.1193352, 51.4954718], [-0.1193699, 51.495489], [-0.1194086, 51.4955025], [-0.1194502, 51.4955118], [-0.1194938, 51.4955168], [-0.1195381, 51.4955174], [-0.1195819, 51.4955135], [-0.1196241, 51.4955052], [-0.1196636, 51.4954927], [-0.1196994, 51.4954764], [-0.1197278, 51.4954587], [-0.1197516, 51.4954385], [-0.1197704, 51.4954164], [-0.1197838, 51.4953928], [-0.1197915, 51.4953682], [-0.1197932, 51.4953432], [-0.119789, 51.4953183], [-0.1197773, 51.4952913], [-0.1197587, 51.4952658], [-0.1197336, 51.4952426], [-0.1197027, 51.4952223], [-0.1196669, 51.4952054], [-0.1196271, 51.4951925], [-0.1195844, 51.4951838], [-0.1195399, 51.4951795], [-0.119495, 51.49518], [-0.1194508, 51.495185], [-0.1194085, 51.4951944], [-0.1193693, 51.4952081], [-0.1193347, 51.4952253]]}}, {"type": "Feature", "properties": {"name": "", "kind": "road"}, "geometry": {"type": "LineString", "coordinates": [[-0.1141177, 51.5000657], [-0.1141597, 51.5000929], [-0.1142073, 51.5001229], [-0.1143323, 51.5002045]]}}, {"type": "Feature", "properties": {"name": "", "kind": "road"}, "geometry": {"type": "LineString", "coordinates": [[-0.114072, 51.5001], [-0.1139975, 51.5000642], [-0.113967, 51.5000504]]}}, {"type": "Feature", "properties": {"name": "", "kind": "road"}, "geometry": {"type": "LineString", "coordinates": [[-0.1138449, 51.4999909], [-0.1135869, 51.4998685]]}}, {"type": "Feature", "properties": {"name": "", "kind": "road"}, "geometry": {"type": "LineString", "coordinates": [[-0.113967, 51.5000504], [-0.1138449, 51.4999909]]}}, {"type": "Feature", "properties": {"name": "Lower Marsh", "kind": "road"}, "geometry": {"type": "LineString", "coordinates": [[-0.1141177, 51.5000657], [-0.114072, 51.5001], [-0.1137474, 51.5003289], [-0.1135465, 51.5004487], [-0.1134326, 51.5005166], [-0.1132753, 51.500602], [-0.113141, 51.5006673], [-0.1129333, 51.5007645], [-0.1125234, 51.5009437]]}}, {"type": "Feature", "properties": {"name": "Lambeth Road", "kind": "road"}, "geometry": {"type": "LineString", "coordinates": [[-0.1152908, 51.4955592], [-0.115199, 51.4955821], [-0.1150505, 51.4956202]]}}, {"type": "Feature", "properties": {"name": "Lambeth Road", "kind": "road"}, "geometry": {"type": "LineString", "coordinates": [[-0.1154323, 51.4955239], [-0.1152908, 51.4955592]]}}, {"type": "Feature", "properties": {"name": "Westminster Bridge", "kind": "road"}, "geometry": {"type": "LineString", "coordinates": [[-0.1230417, 51.50089], [-0.1226214, 51.5008702], [-0.1220747, 51.5008553]]}}, {"type": "Feature", "properties": {"name": "Westminster Bridge", "kind": "road"}, "geometry": {"type": "LineString", "coordinates": [[-0.1220747, 51.5008553], [-0.1219813, 51.5008527]]}}, {"type": "Feature", "properties": {"name": "", "kind": "road"}, "geometry": {"type": "LineString", "coordinates": [[-0.1131887, 51.5003465], [-0.1132839, 51.5002845], [-0.1133765, 51.5003372], [-0.1134919, 51.5004129], [-0.1135465, 51.5004487]]}}, {"type": "Feature", "properties": {"name": "", "kind": "road"}, "geometry": {"type": "LineString", "coordinates": [[-0.1131064, 51.4954683], [-0.1132127, 51.4954458]]}}, {"type": "Feature", "properties": {"name": "", "kind": "road"}, "geometry": {"type": "LineString", "coordinates": [[-0.1155238, 51.4965971], [-0.1155552, 51.4964915], [-0.115614, 51.4963388], [-0.1157269, 51.4961116]]}}, {"type": "Feature", "properties": {"name": "", "kind": "road"}, "geometry": {"type": "LineString", "coordinates": [[-0.1155117, 51.4966265], [-0.1155677, 51.4966326], [-0.11561, 51.4966372], [-0.1157082, 51.4966478]]}}, {"type": "Feature", "properties": {"name": "", "kind": "road"}, "geometry": {"type": "LineString", "coordinates": [[-0.1153352, 51.4973498], [-0.1153984, 51.4973517], [-0.1154307, 51.4973548], [-0.115515, 51.4973593]]}}, {"type": "Feature", "properties": {"name": "Lambeth Road", "kind": "road"}, "geometry": {"type": "LineString", "coordinates": [[-0.1154636, 51.4955171], [-0.1156022, 51.4954384]]}}, {"type": "Feature", "properties": {"name": "Lambeth Road", "kind": "road"}, "geometry": {"type": "LineString", "coordinates": [[-0.1156623, 51.4954235], [-0.1162304, 51.4952997]]}}, {"type": "Feature", "properties": {"name": "", "kind": "road"}, "geometry": {"type": "LineString", "coordinates": [[-0.1163215, 51.4991415], [-0.116375, 51.4991489]]}}, {"type": "Feature", "properties": {"name": "", "kind": "road"}, "geometry": {"type": "LineString", "coordinates": [[-0.1155263, 51.4990871], [-0.1156274, 51.4992978], [-0.1156153, 51.4993472], [-0.1155979, 51.4993725], [-0.1155371, 51.4993847], [-0.1154601, 51.4993667], [-0.1152013, 51.499013]]}}, {"type": "Feature", "properties": {"name": "Lambeth Palace Road", "kind": "road"}, "geometry": {"type": "LineString", "coordinates": [[-0.1170082, 51.4990129], [-0.1169701, 51.4989723], [-0.1169738, 51.4989348]]}}, {"type": "Feature", "properties": {"name": "Lambeth Palace Road", "kind": "road"}, "geometry": {"type": "LineString", "coordinates": [[-0.1171873, 51.4986926], [-0.1172095, 51.4986596]]}}, {"type": "Feature", "properties": {"name": "Lambeth Palace Road", "kind": "road"}, "geometry": {"type": "LineString", "coordinates": [[-0.1171332, 51.4988637], [-0.1170707, 51.4989813], [-0.1170082, 51.4990129]]}}, {"type": "Feature", "properties": {"name": "Lambeth Palace Road", "kind": "road"}, "geometry": {"type": "LineString", "coordinates": [[-0.1172124, 51.4987178], [-0.1172126, 51.4987389], [-0.1171946, 51.4987672]]}}, {"type": "Feature", "properties": {"name": "Lambeth Palace Road", "kind": "road"}, "geometry": {"type": "LineString", "coordinates": [[-0.1171946, 51.4987672], [-0.1171614, 51.4988159]]}}, {"type": "Feature", "properties": {"name": "Lambeth Palace Road", "kind": "road"}, "geometry": {"type": "LineString", "coordinates": [[-0.1169738, 51.4989348], [-0.1170228, 51.4988408], [-0.117049, 51.4987929]]}}, {"type": "Feature", "properties": {"name": "Lambeth Palace Road", "kind": "road"}, "geometry": {"type": "LineString", "coordinates": [[-0.1169665, 51.4991511], [-0.1169714, 51.4991302]]}}, {"type": "Feature", "properties": {"name": "Lambeth Palace Road", "kind": "road"}, "geometry": {"type": "LineString", "coordinates": [[-0.1171614, 51.4988159], [-0.1171332, 51.4988637]]}}, {"type": "Feature", "properties": {"name": "", "kind": "road"}, "geometry": {"type": "LineString", "coordinates": [[-0.1175279, 51.4983294], [-0.1176014, 51.4983982]]}}, {"type": "Feature", "properties": {"name": "", "kind": "road"}, "geometry": {"type": "LineString", "coordinates": [[-0.1171484, 51.4990244], [-0.117109, 51.4990212], [-0.1170868, 51.4990194], [-0.1170712, 51.4990181], [-0.1170082, 51.4990129]]}}, {"type": "Feature", "properties": {"name": "Lambeth Palace Road", "kind": "road"}, "geometry": {"type": "LineString", "coordinates": [[-0.116916, 51.4993493], [-0.1169352, 51.4993016], [-0.1169665, 51.4991511]]}}, {"type": "Feature", "properties": {"name": "Lambeth Palace Road", "kind": "road"}, "geometry": {"type": "LineString", "coordinates": [[-0.1168991, 51.4994656], [-0.1169089, 51.4993936]]}}, {"type": "Feature", "properties": {"name": "Lambeth Palace Road", "kind": "road"}, "geometry": {"type": "LineString", "coordinates": [[-0.1168441, 51.4998072], [-0.1168711, 51.4996728]]}}, {"type": "Feature", "properties": {"name": "Lambeth Palace Road", "kind": "road"}, "geometry": {"type": "LineString", "coordinates": [[-0.116836, 51.4998633], [-0.1168415, 51.4998365], [-0.1168441, 51.4998072]]}}, {"type": "Feature", "properties": {"name": "Lambeth Palace Road", "kind": "road"}, "geometry": {"type": "LineString", "coordinates": [[-0.1167575, 51.5002497], [-0.1167522, 51.500292]]}}, {"type": "Feature", "properties": {"name": "Lambeth Palace Road", "kind": "road"}, "geometry": {"type": "LineString", "coordinates": [[-0.1167293, 51.5001473], [-0.1167342, 51.5001262], [-0.116781, 51.5000802]]}}, {"type": "Feature", "properties": {"name": "Westminster Bridge Road", "kind": "road"}, "geometry": {"type": "LineString", "coordinates": [[-0.1176355, 51.5007882], [-0.1175443, 51.5007413]]}}, {"type": "Feature", "properties": {"name": "Westminster Bridge Road", "kind": "road"}, "geometry": {"type": "LineString", "coordinates": [[-0.1178469, 51.5007952], [-0.1177327, 51.5007921], [-0.1177289, 51.5007921]]}}, {"type": "Feature", "properties": {"name": "Westminster Bridge Road", "kind": "road"}, "geometry": {"type": "LineString", "coordinates": [[-0.1187055, 51.5008229], [-0.1186038, 51.5008199]]}}, {"type": "Feature", "properties": {"name": "Westminster Bridge Road", "kind": "road"}, "geometry": {"type": "LineString", "coordinates": [[-0.1145554, 51.499954], [-0.1145305, 51.4999513], [-0.1144734, 51.4999198], [-0.1143883, 51.4998726], [-0.1143059, 51.4998323], [-0.1142585, 51.4998091], [-0.1139513, 51.4996539]]}}, {"type": "Feature", "properties": {"name": "Westminster Bridge Road", "kind": "road"}, "geometry": {"type": "LineString", "coordinates": [[-0.1142097, 51.4996963], [-0.1143242, 51.4997554], [-0.1143637, 51.4997754]]}}, {"type": "Feature", "properties": {"name": "Lambeth Road", "kind": "road"}, "geometry": {"type": "LineString", "coordinates": [[-0.1135311, 51.495981], [-0.1131295, 51.4960798], [-0.1130251, 51.4961052]]}}, {"type": "Feature", "properties": {"name": "Lambeth Road", "kind": "road"}, "geometry": {"type": "LineString", "coordinates": [[-0.1156022, 51.4954384], [-0.1156623, 51.4954235]]}}, {"type": "Feature", "properties": {"name": "Pratt Walk", "kind": "road"}, "geometry": {"type": "LineString", "coordinates": [[-0.1169128, 51.4951549], [-0.1169188, 51.4950735]]}}, {"type": "Feature", "properties": {"name": "Lambeth Palace Road", "kind": "road"}, "geometry": {"type": "LineString", "coordinates": [[-0.1195043, 51.4973599], [-0.1196679, 51.4971782], [-0.1197774, 51.4970171], [-0.1202663, 51.4962812], [-0.1204472, 51.4960161], [-0.1205608, 51.4958285], [-0.1206534, 51.4956389]]}}, {"type": "Feature", "properties": {"name": "Carlisle Lane", "kind": "road"}, "geometry": {"type": "LineString", "coordinates": [[-0.1151529, 51.4979526], [-0.1151346, 51.4980109], [-0.1150707, 51.4981761], [-0.1150367, 51.4982205], [-0.1149869, 51.4983337]]}}, {"type": "Feature", "properties": {"name": "Granby Place", "kind": "road"}, "geometry": {"type": "LineString", "coordinates": [[-0.1132524, 51.5007687], [-0.1133091, 51.5008214], [-0.1133857, 51.5008986]]}}, {"type": "Feature", "properties": {"name": "", "kind": "road"}, "geometry": {"type": "LineString", "coordinates": [[-0.114297, 51.4996178], [-0.1143353, 51.4996353]]}}, {"type": "Feature", "properties": {"name": "", "kind": "road"}, "geometry": {"type": "LineString", "coordinates": [[-0.1143353, 51.4996353], [-0.1143536, 51.4996417], [-0.1144363, 51.4996704]]}}, {"type": "Feature", "properties": {"name": "Carlisle Lane", "kind": "road"}, "geometry": {"type": "LineString", "coordinates": [[-0.1142676, 51.4996552], [-0.114297, 51.4996178]]}}, {"type": "Feature", "properties": {"name": "Upper Marsh", "kind": "road"}, "geometry": {"type": "LineString", "coordinates": [[-0.1145767, 51.4998087], [-0.1145523, 51.4998177]]}}, {"type": "Feature", "properties": {"name": "Lower Marsh", "kind": "road"}, "geometry": {"type": "LineString", "coordinates": [[-0.1143883, 51.4998726], [-0.114349, 51.4998996]]}}, {"type": "Feature", "properties": {"name": "Westminster Bridge Road", "kind": "road"}, "geometry": {"type": "LineString", "coordinates": [[-0.1140839, 51.4996388], [-0.1141064, 51.4996491], [-0.1141288, 51.4996595], [-0.1142097, 51.4996963]]}}, {"type": "Feature", "properties": {"name": "Westminster Bridge Road", "kind": "road"}, "geometry": {"type": "LineString", "coordinates": [[-0.1143637, 51.4997754], [-0.1144508, 51.4998183]]}}, {"type": "Feature", "properties": {"name": "Westminster Bridge Road", "kind": "road"}, "geometry": {"type": "LineString", "coordinates": [[-0.1144888, 51.4998413], [-0.1145383, 51.4998795]]}}, {"type": "Feature", "properties": {"name": "Westminster Bridge Road", "kind": "road"}, "geometry": {"type": "LineString", "coordinates": [[-0.1147707, 51.5000953], [-0.1147084, 51.5000494]]}}, {"type": "Feature", "properties": {"name": "Lambeth Road", "kind": "road"}, "geometry": {"type": "LineString", "coordinates": [[-0.1148012, 51.4956788], [-0.1146993, 51.4957035]]}}, {"type": "Feature", "properties": {"name": "Leake Street", "kind": "road"}, "geometry": {"type": "LineString", "coordinates": [[-0.1137617, 51.5007018], [-0.1137743, 51.500666], [-0.1138008, 51.5006251], [-0.1138673, 51.5005797], [-0.1139486, 51.5005337], [-0.1140264, 51.5004984]]}}, {"type": "Feature", "properties": {"name": "Pratt Walk", "kind": "road"}, "geometry": {"type": "LineString", "coordinates": [[-0.1169188, 51.4950735], [-0.1169627, 51.4949795]]}}, {"type": "Feature", "properties": {"name": "", "kind": "road"}, "geometry": {"type": "LineString", "coordinates": [[-0.1201283, 51.4951916], [-0.1203097, 51.4952049]]}}, {"type": "Feature", "properties": {"name": "Granby Place", "kind": "road"}, "geometry": {"type": "LineString", "coordinates": [[-0.1131882, 51.500709], [-0.1132524, 51.5007687]]}}, {"type": "Feature", "properties": {"name": "Granby Place", "kind": "road"}, "geometry": {"type": "LineString", "coordinates": [[-0.113141, 51.5006673], [-0.1131779, 51.5006999], [-0.1131882, 51.500709]]}}, {"type": "Feature", "properties": {"name": "Lambeth Road", "kind": "road"}, "geometry": {"type": "LineString", "coordinates": [[-0.1162626, 51.4953179], [-0.1161701, 51.4953836]]}}, {"type": "Feature", "properties": {"name": "Lambeth Road", "kind": "road"}, "geometry": {"type": "LineString", "coordinates": [[-0.1155971, 51.4955188], [-0.1154636, 51.4955171]]}}, {"type": "Feature", "properties": {"name": "Carlisle Lane", "kind": "road"}, "geometry": {"type": "LineString", "coordinates": [[-0.1148003, 51.4986931], [-0.1148302, 51.4986415], [-0.1149756, 51.4984477]]}}, {"type": "Feature", "properties": {"name": "Carlisle Lane", "kind": "road"}, "geometry": {"type": "LineString", "coordinates": [[-0.1147824, 51.498724], [-0.1148003, 51.4986931]]}}, {"type": "Feature", "properties": {"name": "Centaur Street", "kind": "road"}, "geometry": {"type": "LineString", "coordinates": [[-0.114971, 51.4983274], [-0.1148113, 51.4982739]]}}, {"type": "Feature", "properties": {"name": "Centaur Street", "kind": "road"}, "geometry": {"type": "LineString", "coordinates": [[-0.1148113, 51.4982739], [-0.1147824, 51.4982642]]}}, {"type": "Feature", "properties": {"name": "", "kind": "road"}, "geometry": {"type": "LineString", "coordinates": [[-0.1132888, 51.4988468], [-0.1132024, 51.4987655], [-0.1131706, 51.4987156], [-0.1131617, 51.4986694], [-0.1131586, 51.4986388], [-0.1131569, 51.4986198], [-0.1131543, 51.498592]]}}, {"type": "Feature", "properties": {"name": "", "kind": "road"}, "geometry": {"type": "LineString", "coordinates": [[-0.1139285, 51.4992396], [-0.1141341, 51.4993113], [-0.1143374, 51.4993822], [-0.114397, 51.499403]]}}, {"type": "Feature", "properties": {"name": "Upper Marsh", "kind": "road"}, "geometry": {"type": "LineString", "coordinates": [[-0.1150289, 51.4996665], [-0.1146973, 51.4997706], [-0.1146671, 51.4997802]]}}, {"type": "Feature", "properties": {"name": "Upper Marsh", "kind": "road"}, "geometry": {"type": "LineString", "coordinates": [[-0.1150484, 51.4996595], [-0.1150289, 51.4996665]]}}, {"type": "Feature", "properties": {"name": "Upper Marsh", "kind": "road"}, "geometry": {"type": "LineString", "coordinates": [[-0.1163215, 51.4991415], [-0.1163157, 51.499157], [-0.1162983, 51.499201], [-0.1162803, 51.4992564], [-0.1162529, 51.499314]]}}, {"type": "Feature", "properties": {"name": "Royal Street", "kind": "road"}, "geometry": {"type": "LineString", "coordinates": [[-0.1168474, 51.498915], [-0.1167284, 51.4988961]]}}, {"type": "Feature", "properties": {"name": "Lambeth Palace Road", "kind": "road"}, "geometry": {"type": "LineString", "coordinates": [[-0.1169089, 51.4993936], [-0.116916, 51.4993493]]}}, {"type": "Feature", "properties": {"name": "Lambeth Road", "kind": "road"}, "geometry": {"type": "LineString", "coordinates": [[-0.1164663, 51.4952675], [-0.1162771, 51.4953143], [-0.1162626, 51.4953179]]}}, {"type": "Feature", "properties": {"name": "Lambeth Road", "kind": "road"}, "geometry": {"type": "LineString", "coordinates": [[-0.1172984, 51.4950731], [-0.1170931, 51.4951146], [-0.1169128, 51.4951549], [-0.1167495, 51.4951975], [-0.1166752, 51.4952154], [-0.1165988, 51.4952338], [-0.1164663, 51.4952675]]}}, {"type": "Feature", "properties": {"name": "Westminster Bridge Road", "kind": "road"}, "geometry": {"type": "LineString", "coordinates": [[-0.1161561, 51.5007067], [-0.1160697, 51.5007152]]}}, {"type": "Feature", "properties": {"name": "Addington Street", "kind": "road"}, "geometry": {"type": "LineString", "coordinates": [[-0.1158228, 51.5010294], [-0.1157612, 51.501002], [-0.1157447, 51.5009563]]}}, {"type": "Feature", "properties": {"name": "", "kind": "road"}, "geometry": {"type": "LineString", "coordinates": [[-0.1189814, 51.4998539], [-0.1196499, 51.4999171], [-0.1196466, 51.5000162], [-0.1189577, 51.4999539]]}}, {"type": "Feature", "properties": {"name": "", "kind": "road"}, "geometry": {"type": "LineString", "coordinates": [[-0.1135525, 51.4993174], [-0.1135891, 51.4993084], [-0.1136956, 51.4992141]]}}, {"type": "Feature", "properties": {"name": "", "kind": "road"}, "geometry": {"type": "LineString", "coordinates": [[-0.1134601, 51.4993962], [-0.1135365, 51.499331], [-0.1135525, 51.4993174]]}}, {"type": "Feature", "properties": {"name": "Lambeth Road", "kind": "road"}, "geometry": {"type": "LineString", "coordinates": [[-0.1162304, 51.4952997], [-0.1162626, 51.4953179]]}}, {"type": "Feature", "properties": {"name": "Leake Street", "kind": "road"}, "geometry": {"type": "LineString", "coordinates": [[-0.1139225, 51.5008307], [-0.1138226, 51.5007593], [-0.1137731, 51.5007263], [-0.1137617, 51.5007018]]}}, {"type": "Feature", "properties": {"name": "Lambeth Palace Road", "kind": "road"}, "geometry": {"type": "LineString", "coordinates": [[-0.1208015, 51.4952446], [-0.1208081, 51.4952272], [-0.1208434, 51.495109], [-0.1208541, 51.495073], [-0.1208561, 51.4950418], [-0.1208607, 51.494969], [-0.1208605, 51.4949185], [-0.1208577, 51.49486]]}}, {"type": "Feature", "properties": {"name": "", "kind": "road"}, "geometry": {"type": "LineString", "coordinates": [[-0.1205483, 51.4950964], [-0.1205447, 51.4950224], [-0.1205735, 51.4949149], [-0.1205945, 51.494857], [-0.1206025, 51.4948559], [-0.120722, 51.4948433], [-0.1207978, 51.4948372], [-0.1208546, 51.4948324]]}}, {"type": "Feature", "properties": {"name": "Lambeth Palace Road", "kind": "road"}, "geometry": {"type": "LineString", "coordinates": [[-0.1189713, 51.4976635], [-0.1191674, 51.4975732], [-0.1193747, 51.497453], [-0.1195043, 51.4973599]]}}, {"type": "Feature", "properties": {"name": "Lambeth Palace Road", "kind": "road"}, "geometry": {"type": "LineString", "coordinates": [[-0.1187982, 51.49773], [-0.1188825, 51.4977006], [-0.1189713, 51.4976635]]}}, {"type": "Feature", "properties": {"name": "Westminster Bridge Road", "kind": "road"}, "geometry": {"type": "LineString", "coordinates": [[-0.117776, 51.5007115], [-0.1179085, 51.5007185]]}}, {"type": "Feature", "properties": {"name": "Carlisle Lane", "kind": "road"}, "geometry": {"type": "LineString", "coordinates": [[-0.1154497, 51.4965706], [-0.1154629, 51.4965757], [-0.1154775, 51.4965805]]}}, {"type": "Feature", "properties": {"name": "Carlisle Lane", "kind": "road"}, "geometry": {"type": "LineString", "coordinates": [[-0.1150175, 51.4963938], [-0.1150401, 51.4964007], [-0.1150625, 51.4964088]]}}, {"type": "Feature", "properties": {"name": "Westminster Bridge Road", "kind": "road"}, "geometry": {"type": "LineString", "coordinates": [[-0.1145383, 51.4998795], [-0.1145636, 51.4999022]]}}, {"type": "Feature", "properties": {"name": "Westminster Bridge Road", "kind": "road"}, "geometry": {"type": "LineString", "coordinates": [[-0.1145918, 51.4999579], [-0.1145554, 51.499954]]}}, {"type": "Feature", "properties": {"name": "", "kind": "road"}, "geometry": {"type": "LineString", "coordinates": [[-0.1130108, 51.49853], [-0.11304, 51.4985051], [-0.1130996, 51.4984542], [-0.1129354, 51.4983797], [-0.1128753, 51.4984343], [-0.1128439, 51.4984578]]}}, {"type": "Feature", "properties": {"name": "Lambeth Palace Road", "kind": "road"}, "geometry": {"type": "LineString", "coordinates": [[-0.1174853, 51.4983641], [-0.1175279, 51.4983294], [-0.1175938, 51.4982802]]}}, {"type": "Feature", "properties": {"name": "Station Approach Road", "kind": "road"}, "geometry": {"type": "LineString", "coordinates": [[-0.1142927, 51.5004674], [-0.1144794, 51.5004882], [-0.1145356, 51.5004955], [-0.1146515, 51.5005127]]}}, {"type": "Feature", "properties": {"name": "Station Approach Road", "kind": "road"}, "geometry": {"type": "LineString", "coordinates": [[-0.114134, 51.5004774], [-0.1141979, 51.5004672]]}}, {"type": "Feature", "properties": {"name": "", "kind": "road"}, "geometry": {"type": "LineString", "coordinates": [[-0.1136602, 51.5002784], [-0.1137474, 51.5003289]]}}, {"type": "Feature", "properties": {"name": "York Road", "kind": "road"}, "geometry": {"type": "LineString", "coordinates": [[-0.1175443, 51.5007413], [-0.1175222, 51.5008261]]}}, {"type": "Feature", "properties": {"name": "Borough High Street", "kind": "road"}, "geometry": {"type": "LineString", "coordinates": [[-0.0882957, 51.5061654], [-0.0883218, 51.5061281], [-0.0883667, 51.5060762]]}}, {"type": "Feature", "properties": {"name": "Newcomen Street", "kind": "road"}, "geometry": {"type": "LineString", "coordinates": [[-0.0905307, 51.502829], [-0.0907056, 51.502895], [-0.0909639, 51.5029964], [-0.0912143, 51.5030637], [-0.0912513, 51.5030739]]}}, {"type": "Feature", "properties": {"name": "Bowling Green Place", "kind": "road"}, "geometry": {"type": "LineString", "coordinates": [[-0.0890798, 51.5024085], [-0.0891073, 51.502388], [-0.0891226, 51.5023766], [-0.0896269, 51.5019998]]}}, {"type": "Feature", "properties": {"name": "", "kind": "road"}, "geometry": {"type": "LineString", "coordinates": [[-0.088742, 51.50431], [-0.0887098, 51.5042952], [-0.0886515, 51.5042681]]}}, {"type": "Feature", "properties": {"name": "London Bridge Street", "kind": "road"}, "geometry": {"type": "LineString", "coordinates": [[-0.0869737, 51.5047773], [-0.0873341, 51.504967], [-0.0875715, 51.5050919]]}}, {"type": "Feature", "properties": {"name": "St. Thomas Street", "kind": "road"}, "geometry": {"type": "LineString", "coordinates": [[-0.0864252, 51.5040474], [-0.0865561, 51.504095], [-0.0870083, 51.5042558], [-0.0870827, 51.5042836], [-0.0871347, 51.5043038], [-0.0871849, 51.5043222], [-0.0872277, 51.5043377], [-0.0874001, 51.5043996], [-0.0877526, 51.5045452], [-0.0880315, 51.5046604]]}}, {"type": "Feature", "properties": {"name": "Pickfords Wharf", "kind": "road"}, "geometry": {"type": "LineString", "coordinates": [[-0.0905544, 51.5068787], [-0.0906246, 51.5068916], [-0.0906947, 51.5069057]]}}, {"type": "Feature", "properties": {"name": "Winchester Square", "kind": "road"}, "geometry": {"type": "LineString", "coordinates": [[-0.0905012, 51.5066084], [-0.090537, 51.506673], [-0.0904837, 51.5068207], [-0.090527, 51.5068562], [-0.0905544, 51.5068787]]}}, {"type": "Feature", "properties": {"name": "Weston Street", "kind": "road"}, "geometry": {"type": "LineString", "coordinates": [[-0.0858011, 51.5017219], [-0.0858052, 51.5017054], [-0.0856948, 51.5014893], [-0.0856352, 51.5013333]]}}, {"type": "Feature", "properties": {"name": "", "kind": "road"}, "geometry": {"type": "LineString", "coordinates": [[-0.0890798, 51.5024085], [-0.089047, 51.5024488], [-0.0890193, 51.5024898], [-0.0888445, 51.5028211]]}}, {"type": "Feature", "properties": {"name": "Cathedral Street", "kind": "road"}, "geometry": {"type": "LineString", "coordinates": [[-0.0903255, 51.5059428], [-0.0903063, 51.5059989], [-0.0902784, 51.5060778], [-0.0902668, 51.5061109], [-0.0902633, 51.5061423]]}}, {"type": "Feature", "properties": {"name": "Stoney Street", "kind": "road"}, "geometry": {"type": "LineString", "coordinates": [[-0.0905241, 51.5047508], [-0.0905568, 51.5048112], [-0.0905882, 51.5048654], [-0.0906462, 51.5049428], [-0.0911664, 51.5053969], [-0.0912593, 51.5054806]]}}, {"type": "Feature", "properties": {"name": "Tennis Street", "kind": "road"}, "geometry": {"type": "LineString", "coordinates": [[-0.0906748, 51.5010322], [-0.0906653, 51.5011016], [-0.090634, 51.5013309], [-0.0906135, 51.5015067], [-0.090612, 51.5015289], [-0.0906226, 51.5015529], [-0.0906498, 51.5015712], [-0.0906851, 51.501581], [-0.090843, 51.5015938], [-0.0908629, 51.5016091], [-0.0908667, 51.5016621], [-0.0908597, 51.5017594], [-0.090846, 51.5019477], [-0.090843, 51.501978], [-0.0908322, 51.5020027], [-0.0908074, 51.5020332], [-0.0905521, 51.502331], [-0.0905228, 51.5023581]]}}, {"type": "Feature", "properties": {"name": "London Bridge", "kind": "road"}, "geometry": {"type": "LineString", "coordinates": [[-0.0884115, 51.5062781], [-0.088399, 51.5062978], [-0.0883859, 51.506318], [-0.0883806, 51.5063269]]}}, {"type": "Feature", "properties": {"name": "Montague Close", "kind": "road"}, "geometry": {"type": "LineString", "coordinates": [[-0.0884741, 51.5064612], [-0.0888325, 51.5065228], [-0.0891129, 51.5065748], [-0.0893477, 51.5066184], [-0.0896578, 51.5066698], [-0.0897346, 51.5066769], [-0.0897993, 51.5066761], [-0.0898699, 51.5066676], [-0.089928, 51.5066463], [-0.0899713, 51.5066135], [-0.0899942, 51.5065694], [-0.0900597, 51.5064501], [-0.0900785, 51.5064298]]}}, {"type": "Feature", "properties": {"name": "Crosby Row", "kind": "road"}, "geometry": {"type": "LineString", "coordinates": [[-0.0883487, 51.5021674], [-0.0883794, 51.5021437], [-0.0884278, 51.5020971], [-0.088633, 51.5018879], [-0.0887264, 51.501761], [-0.0888136, 51.5016104], [-0.0889226, 51.5013799], [-0.0889681, 51.501273], [-0.0889837, 51.5012327], [-0.0890216, 51.5011455], [-0.0890599, 51.5010553], [-0.0890749, 51.5010214], [-0.0891079, 51.500944], [-0.0891625, 51.5008584], [-0.0892289, 51.5007889]]}}, {"type": "Feature", "properties": {"name": "Porlock Street", "kind": "road"}, "geometry": {"type": "LineString", "coordinates": [[-0.0872771, 51.5012243], [-0.087352, 51.5012277], [-0.0874105, 51.5012304], [-0.0877296, 51.5012411], [-0.0882345, 51.5012524], [-0.0886436, 51.5012507], [-0.0888858, 51.5012673], [-0.0889681, 51.501273]]}}, {"type": "Feature", "properties": {"name": "Kirby Grove", "kind": "road"}, "geometry": {"type": "LineString", "coordinates": [[-0.0844001, 51.5012705], [-0.0842832, 51.5019865], [-0.0842747, 51.5020386], [-0.0842714, 51.5020587]]}}, {"type": "Feature", "properties": {"name": "", "kind": "road"}, "geometry": {"type": "LineString", "coordinates": [[-0.0880317, 51.5032781], [-0.0879823, 51.5032643], [-0.0878986, 51.5032547], [-0.0877499, 51.503235], [-0.0876447, 51.5032264], [-0.0875727, 51.503182], [-0.087565, 51.5031391], [-0.0875988, 51.5030884], [-0.0876506, 51.5030773], [-0.087766, 51.5030806], [-0.0880624, 51.5031112], [-0.0881187, 51.5031169]]}}, {"type": "Feature", "properties": {"name": "Bridge Yard", "kind": "road"}, "geometry": {"type": "LineString", "coordinates": [[-0.0856287, 51.5060777], [-0.0854306, 51.5060284], [-0.0854589, 51.5059242], [-0.0856075, 51.5057143], [-0.0856468, 51.5056632]]}}, {"type": "Feature", "properties": {"name": "English Grounds", "kind": "road"}, "geometry": {"type": "LineString", "coordinates": [[-0.0831918, 51.5055294], [-0.083136, 51.5055241], [-0.0826567, 51.5053206], [-0.0825441, 51.5052845], [-0.0824809, 51.5052734], [-0.082442, 51.5052727], [-0.0823748, 51.5052547], [-0.0821159, 51.5051836], [-0.0820823, 51.5051534], [-0.0820872, 51.5051136], [-0.0821195, 51.5050855], [-0.082144, 51.5050724], [-0.0821726, 51.5050692], [-0.0822062, 51.5050792], [-0.082241, 51.5051039], [-0.0822647, 51.5051207], [-0.0823216, 51.5051685], [-0.0823653, 51.5052053], [-0.0824084, 51.50523], [-0.0824621, 51.505256], [-0.0824809, 51.5052734]]}}, {"type": "Feature", "properties": {"name": "Battle Bridge Lane", "kind": "road"}, "geometry": {"type": "LineString", "coordinates": [[-0.082811, 51.5058412], [-0.0831786, 51.5056099], [-0.0831918, 51.5055294], [-0.08325, 51.5055162], [-0.0836631, 51.5051833], [-0.0838449, 51.5050245]]}}, {"type": "Feature", "properties": {"name": "More London Place", "kind": "road"}, "geometry": {"type": "LineString", "coordinates": [[-0.080306, 51.5050082], [-0.0811306, 51.5049854], [-0.0819716, 51.5049583], [-0.082049, 51.5049544], [-0.0821408, 51.5049537], [-0.0836564, 51.5049162], [-0.0836936, 51.5049119], [-0.0837354, 51.5049075], [-0.083825, 51.5048995]]}}, {"type": "Feature", "properties": {"name": "Cathedral Street", "kind": "road"}, "geometry": {"type": "LineString", "coordinates": [[-0.090271, 51.5063635], [-0.0902899, 51.506406], [-0.090357, 51.5065433], [-0.0904158, 51.5065747]]}}, {"type": "Feature", "properties": {"name": "Tooley Street", "kind": "road"}, "geometry": {"type": "LineString", "coordinates": [[-0.0863501, 51.5058302], [-0.08633, 51.5058792], [-0.0863213, 51.5059047], [-0.086314, 51.5059259], [-0.086313, 51.5059529], [-0.0863198, 51.5059776], [-0.0863406, 51.505999], [-0.0864527, 51.506056], [-0.0865698, 51.5061128], [-0.086766, 51.5061937], [-0.0868283, 51.5062171]]}}, {"type": "Feature", "properties": {"name": "Tooley Street", "kind": "road"}, "geometry": {"type": "LineString", "coordinates": [[-0.0848803, 51.5053528], [-0.0851893, 51.505488], [-0.0854162, 51.5055821], [-0.0856468, 51.5056632], [-0.0857813, 51.505709], [-0.0858905, 51.5057437], [-0.0859944, 51.5057708], [-0.0860291, 51.5057789], [-0.0860939, 51.5057899], [-0.0861815, 51.5058048]]}}, {"type": "Feature", "properties": {"name": "Tooley Street", "kind": "road"}, "geometry": {"type": "LineString", "coordinates": [[-0.0868283, 51.5062171], [-0.0870411, 51.5062942], [-0.0870823, 51.5063064], [-0.0871222, 51.506312], [-0.0875337, 51.5063452], [-0.0878746, 51.5063738]]}}, {"type": "Feature", "properties": {"name": "Weston Street", "kind": "road"}, "geometry": {"type": "LineString", "coordinates": [[-0.0854455, 51.502937], [-0.0854528, 51.5029111], [-0.0855419, 51.5025408], [-0.0855929, 51.5023595]]}}, {"type": "Feature", "properties": {"name": "Bermondsey Street", "kind": "road"}, "geometry": {"type": "LineString", "coordinates": [[-0.0830878, 51.5038447], [-0.0831668, 51.5040536], [-0.0832149, 51.5041857]]}}, {"type": "Feature", "properties": {"name": "Hardwidge Street", "kind": "road"}, "geometry": {"type": "LineString", "coordinates": [[-0.0834104, 51.5021767], [-0.0834053, 51.502159], [-0.0833844, 51.5020856], [-0.0834066, 51.5017232], [-0.0834634, 51.5016331]]}}, {"type": "Feature", "properties": {"name": "Green Dragon Court", "kind": "road"}, "geometry": {"type": "LineString", "coordinates": [[-0.089858, 51.5053498], [-0.0898252, 51.5053734], [-0.0896714, 51.5054849]]}}, {"type": "Feature", "properties": {"name": "Hay's Lane", "kind": "road"}, "geometry": {"type": "LineString", "coordinates": [[-0.0841238, 51.5059777], [-0.0841453, 51.5058924], [-0.0842982, 51.5057786], [-0.0845804, 51.5055858], [-0.0847691, 51.5054427]]}}, {"type": "Feature", "properties": {"name": "Counter Street", "kind": "road"}, "geometry": {"type": "LineString", "coordinates": [[-0.0845804, 51.5055858], [-0.0841289, 51.5053852], [-0.0836631, 51.5051833]]}}, {"type": "Feature", "properties": {"name": "Hay's Lane", "kind": "road"}, "geometry": {"type": "LineString", "coordinates": [[-0.0847691, 51.5054427], [-0.0848336, 51.5053902], [-0.0848803, 51.5053528]]}}, {"type": "Feature", "properties": {"name": "", "kind": "road"}, "geometry": {"type": "LineString", "coordinates": [[-0.0894918, 51.5066798], [-0.0893334, 51.5066509], [-0.0891525, 51.5066193], [-0.0890528, 51.5069297], [-0.089429, 51.506972], [-0.0894557, 51.5068748], [-0.0894403, 51.5068435], [-0.0894918, 51.5066798]]}}, {"type": "Feature", "properties": {"name": "Winchester Square", "kind": "road"}, "geometry": {"type": "LineString", "coordinates": [[-0.0906246, 51.5068916], [-0.0906285, 51.5068826]]}}, {"type": "Feature", "properties": {"name": "Winchester Square", "kind": "road"}, "geometry": {"type": "LineString", "coordinates": [[-0.0904158, 51.5065747], [-0.0905115, 51.5065672]]}}, {"type": "Feature", "properties": {"name": "Winchester Square", "kind": "road"}, "geometry": {"type": "LineString", "coordinates": [[-0.0909852, 51.5065184], [-0.0910016, 51.5064639], [-0.0910174, 51.506242], [-0.0910196, 51.5062116]]}}, {"type": "Feature", "properties": {"name": "", "kind": "road"}, "geometry": {"type": "LineString", "coordinates": [[-0.0909148, 51.5064536], [-0.0906671, 51.5064216], [-0.0905874, 51.5063943], [-0.0904279, 51.5063865]]}}, {"type": "Feature", "properties": {"name": "Tooley Street", "kind": "road"}, "geometry": {"type": "LineString", "coordinates": [[-0.0831847, 51.5046208], [-0.083013, 51.5045564]]}}, {"type": "Feature", "properties": {"name": "Great Maze Pond", "kind": "road"}, "geometry": {"type": "LineString", "coordinates": [[-0.0882219, 51.5021651], [-0.0882145, 51.5021938], [-0.0882058, 51.5022335], [-0.0882037, 51.5022705], [-0.0882157, 51.5023152], [-0.0882394, 51.50239], [-0.0882985, 51.5024714], [-0.0882977, 51.5025452], [-0.0883273, 51.5026741], [-0.0883229, 51.5027202], [-0.0882551, 51.5028414], [-0.0881187, 51.5031169], [-0.0880847, 51.5032037], [-0.0880317, 51.5032781], [-0.0878978, 51.5034779], [-0.0878388, 51.5035629]]}}, {"type": "Feature", "properties": {"name": "King's Head Yard", "kind": "road"}, "geometry": {"type": "LineString", "coordinates": [[-0.0898862, 51.5048552], [-0.0898173, 51.5048276], [-0.089784, 51.5048142]]}}, {"type": "Feature", "properties": {"name": "White Hart Yard", "kind": "road"}, "geometry": {"type": "LineString", "coordinates": [[-0.0888, 51.5043357], [-0.0889118, 51.5042181], [-0.0895425, 51.5044147], [-0.0898853, 51.5045215], [-0.0900478, 51.5045644]]}}, {"type": "Feature", "properties": {"name": "Collingwood Street", "kind": "road"}, "geometry": {"type": "LineString", "coordinates": [[-0.0886028, 51.5042445], [-0.0888563, 51.5039561], [-0.0889147, 51.5038896], [-0.0886778, 51.503817], [-0.08859, 51.5037901]]}}, {"type": "Feature", "properties": {"name": "", "kind": "road"}, "geometry": {"type": "LineString", "coordinates": [[-0.0893007, 51.503892], [-0.0892678, 51.5039304], [-0.0890897, 51.5038713], [-0.0890492, 51.5038636], [-0.0890119, 51.5038624], [-0.0889771, 51.5038658], [-0.0889438, 51.503874], [-0.0889147, 51.5038896]]}}, {"type": "Feature", "properties": {"name": "Plantain Place", "kind": "road"}, "geometry": {"type": "LineString", "coordinates": [[-0.0889837, 51.5012327], [-0.0890354, 51.5012391], [-0.0890606, 51.5012421], [-0.0892456, 51.5012698], [-0.089429, 51.5013003], [-0.0894323, 51.5013665]]}}, {"type": "Feature", "properties": {"name": "Kipling Street", "kind": "road"}, "geometry": {"type": "LineString", "coordinates": [[-0.0872645, 51.502004], [-0.0872626, 51.5019386], [-0.0872516, 51.5017613], [-0.0872406, 51.5015824], [-0.0872381, 51.501542]]}}, {"type": "Feature", "properties": {"name": "Kipling Street", "kind": "road"}, "geometry": {"type": "LineString", "coordinates": [[-0.0872771, 51.5012243], [-0.0872835, 51.501112], [-0.0872844, 51.5010956], [-0.0873033, 51.5006957], [-0.0873099, 51.5005284], [-0.0873147, 51.5004436], [-0.0873288, 51.5003292], [-0.0873888, 51.5002197], [-0.087501, 51.5001004]]}}, {"type": "Feature", "properties": {"name": "Guy Street", "kind": "road"}, "geometry": {"type": "LineString", "coordinates": [[-0.0872381, 51.501542], [-0.0871754, 51.5015323], [-0.0870762, 51.501517]]}}, {"type": "Feature", "properties": {"name": "Great Maze Pond", "kind": "road"}, "geometry": {"type": "LineString", "coordinates": [[-0.0878388, 51.5035629], [-0.087798, 51.5036209], [-0.0875128, 51.5039535]]}}, {"type": "Feature", "properties": {"name": "Joiner Street", "kind": "road"}, "geometry": {"type": "LineString", "coordinates": [[-0.0869272, 51.5046505], [-0.0869475, 51.5045914], [-0.0870258, 51.504463], [-0.0871011, 51.504353], [-0.0871347, 51.5043038]]}}, {"type": "Feature", "properties": {"name": "Melior Place", "kind": "road"}, "geometry": {"type": "LineString", "coordinates": [[-0.0842714, 51.5020587], [-0.0842641, 51.5021207], [-0.0842571, 51.5021797], [-0.0842258, 51.5023069], [-0.0842145, 51.5023342]]}}, {"type": "Feature", "properties": {"name": "Fenning Street", "kind": "road"}, "geometry": {"type": "LineString", "coordinates": [[-0.0845131, 51.5025409], [-0.0844923, 51.5025634], [-0.084228, 51.5028658], [-0.0841378, 51.5029708], [-0.084125, 51.5029857]]}}, {"type": "Feature", "properties": {"name": "Melior Street", "kind": "road"}, "geometry": {"type": "LineString", "coordinates": [[-0.0844148, 51.5025037], [-0.0845131, 51.5025409], [-0.0850089, 51.5027507], [-0.0850641, 51.5027809], [-0.0851076, 51.5028046], [-0.0851242, 51.5028137]]}}, {"type": "Feature", "properties": {"name": "Vinegar Yard", "kind": "road"}, "geometry": {"type": "LineString", "coordinates": [[-0.083822, 51.5024418], [-0.0836446, 51.5025145], [-0.0834375, 51.5024601], [-0.0833666, 51.5024661], [-0.0832652, 51.5025645]]}}, {"type": "Feature", "properties": {"name": "Magdalen Street", "kind": "road"}, "geometry": {"type": "LineString", "coordinates": [[-0.0830456, 51.5037431], [-0.0829577, 51.5037523]]}}, {"type": "Feature", "properties": {"name": "Winchester Walk", "kind": "road"}, "geometry": {"type": "LineString", "coordinates": [[-0.0902633, 51.5061423], [-0.0907854, 51.5061896], [-0.0910196, 51.5062116]]}}, {"type": "Feature", "properties": {"name": "Cathedral Street", "kind": "road"}, "geometry": {"type": "LineString", "coordinates": [[-0.0902633, 51.5061423], [-0.0902411, 51.5062864]]}}, {"type": "Feature", "properties": {"name": "Snowsfields", "kind": "road"}, "geometry": {"type": "LineString", "coordinates": [[-0.0856146, 51.5022876], [-0.0856647, 51.5022924], [-0.0863403, 51.5023566], [-0.0866037, 51.5023693], [-0.0868831, 51.5023465], [-0.0871206, 51.5023208], [-0.0872645, 51.5022895]]}}, {"type": "Feature", "properties": {"name": "", "kind": "road"}, "geometry": {"type": "LineString", "coordinates": [[-0.091085, 51.5037237], [-0.0909382, 51.5036802], [-0.0906461, 51.503586]]}}, {"type": "Feature", "properties": {"name": "", "kind": "road"}, "geometry": {"type": "LineString", "coordinates": [[-0.0904473, 51.5044629], [-0.0903529, 51.5044201], [-0.0903087, 51.5044001], [-0.0901679, 51.5043354], [-0.0899944, 51.5042664]]}}, {"type": "Feature", "properties": {"name": "Chaloner Court", "kind": "road"}, "geometry": {"type": "LineString", "coordinates": [[-0.0908074, 51.5020332], [-0.0908362, 51.5020417], [-0.0910718, 51.5021112]]}}, {"type": "Feature", "properties": {"name": "Newcomen Street", "kind": "road"}, "geometry": {"type": "LineString", "coordinates": [[-0.0883487, 51.5021674], [-0.0884009, 51.502179], [-0.088544, 51.5022228], [-0.0890798, 51.5024085]]}}, {"type": "Feature", "properties": {"name": "Newcomen Street", "kind": "road"}, "geometry": {"type": "LineString", "coordinates": [[-0.0890798, 51.5024085], [-0.0893935, 51.5025306], [-0.0894745, 51.5025562], [-0.0895277, 51.502573], [-0.0896621, 51.5026203], [-0.0898524, 51.5026678], [-0.0900132, 51.5027079], [-0.0901325, 51.502735]]}}, {"type": "Feature", "properties": {"name": "Duke Street Hill", "kind": "road"}, "geometry": {"type": "LineString", "coordinates": [[-0.0880651, 51.5061104], [-0.0881969, 51.5061389], [-0.0882957, 51.5061654]]}}, {"type": "Feature", "properties": {"name": "", "kind": "road"}, "geometry": {"type": "LineString", "coordinates": [[-0.0832149, 51.5041857], [-0.0831684, 51.5041907], [-0.0831246, 51.5041954], [-0.0829148, 51.5042275]]}}, {"type": "Feature", "properties": {"name": "Guinness Court", "kind": "road"}, "geometry": {"type": "LineString", "coordinates": [[-0.0849141, 51.5021766], [-0.0849287, 51.5021471], [-0.0849543, 51.5020905], [-0.0849261, 51.5020473], [-0.0851046, 51.5013863]]}}, {"type": "Feature", "properties": {"name": "", "kind": "road"}, "geometry": {"type": "LineString", "coordinates": [[-0.085757, 51.5018796], [-0.085802, 51.5018897], [-0.0858685, 51.5019046], [-0.0862063, 51.5019485]]}}, {"type": "Feature", "properties": {"name": "", "kind": "road"}, "geometry": {"type": "LineString", "coordinates": [[-0.0872381, 51.501542], [-0.0873031, 51.5015634], [-0.0873267, 51.5015657], [-0.0880238, 51.5016201]]}}, {"type": "Feature", "properties": {"name": "", "kind": "road"}, "geometry": {"type": "LineString", "coordinates": [[-0.0872645, 51.502004], [-0.0873053, 51.5020064], [-0.0874843, 51.5020261], [-0.0878498, 51.5019708]]}}, {"type": "Feature", "properties": {"name": "", "kind": "road"}, "geometry": {"type": "LineString", "coordinates": [[-0.0854528, 51.5029111], [-0.085505, 51.5029165], [-0.0862189, 51.5029897], [-0.0862746, 51.5029242]]}}, {"type": "Feature", "properties": {"name": "Ship and Mermaid Row", "kind": "road"}, "geometry": {"type": "LineString", "coordinates": [[-0.0857113, 51.5017366], [-0.0851956, 51.5017265], [-0.0851043, 51.5019205], [-0.0850858, 51.5019656], [-0.0849965, 51.5021656], [-0.0849862, 51.5021887]]}}, {"type": "Feature", "properties": {"name": "", "kind": "road"}, "geometry": {"type": "LineString", "coordinates": [[-0.085142, 51.5017059], [-0.0851956, 51.5017265]]}}, {"type": "Feature", "properties": {"name": "", "kind": "road"}, "geometry": {"type": "LineString", "coordinates": [[-0.0850858, 51.5019656], [-0.0854862, 51.5020341]]}}, {"type": "Feature", "properties": {"name": "Lockyer Estate", "kind": "road"}, "geometry": {"type": "LineString", "coordinates": [[-0.0877303, 51.5007886], [-0.087713, 51.5009669], [-0.0877628, 51.501008], [-0.0877378, 51.5012096], [-0.0877296, 51.5012411]]}}, {"type": "Feature", "properties": {"name": "", "kind": "road"}, "geometry": {"type": "LineString", "coordinates": [[-0.0878498, 51.5019708], [-0.0878844, 51.5018109]]}}, {"type": "Feature", "properties": {"name": "", "kind": "road"}, "geometry": {"type": "LineString", "coordinates": [[-0.0872703, 51.5021208], [-0.0872376, 51.5021217], [-0.087144, 51.5021242]]}}, {"type": "Feature", "properties": {"name": "Borough High Street", "kind": "road"}, "geometry": {"type": "LineString", "coordinates": [[-0.0902551, 51.5046123], [-0.0904473, 51.5044629], [-0.0906814, 51.5042905], [-0.0908461, 51.5041771], [-0.0909972, 51.5040788], [-0.0910414, 51.5040303], [-0.0910805, 51.5039875], [-0.0911459, 51.5039096], [-0.0912597, 51.5037754], [-0.091404, 51.503607], [-0.0915457, 51.5034416], [-0.0915635, 51.5034192], [-0.0915952, 51.5033794], [-0.0916255, 51.5033421]]}}, {"type": "Feature", "properties": {"name": "Borough High Street", "kind": "road"}, "geometry": {"type": "LineString", "coordinates": [[-0.0889071, 51.5057286], [-0.0888208, 51.5057977], [-0.0887427, 51.5058748]]}}, {"type": "Feature", "properties": {"name": "The Queens Walk", "kind": "road"}, "geometry": {"type": "LineString", "coordinates": [[-0.085408, 51.5065097], [-0.0847412, 51.5065161], [-0.0840024, 51.5063899], [-0.0838965, 51.5063468], [-0.0837235, 51.5063178]]}}, {"type": "Feature", "properties": {"name": "", "kind": "road"}, "geometry": {"type": "LineString", "coordinates": [[-0.0909382, 51.5036802], [-0.0908339, 51.5037902]]}}, {"type": "Feature", "properties": {"name": "Talbot Yard", "kind": "road"}, "geometry": {"type": "LineString", "coordinates": [[-0.0897544, 51.5038736], [-0.0903969, 51.5041502], [-0.0906076, 51.5042529], [-0.0906814, 51.5042905]]}}, {"type": "Feature", "properties": {"name": "", "kind": "road"}, "geometry": {"type": "LineString", "coordinates": [[-0.0901679, 51.5043354], [-0.0902129, 51.504285], [-0.0901033, 51.5042514], [-0.089886, 51.5041862], [-0.0897173, 51.5041362], [-0.0896209, 51.5042594], [-0.0896577, 51.5042709], [-0.089838, 51.5043268], [-0.0899233, 51.5043532], [-0.0899376, 51.504351], [-0.0899756, 51.5043061], [-0.0900546, 51.5043321], [-0.0900723, 51.5043267], [-0.0901466, 51.5043607], [-0.0901679, 51.5043354]]}}, {"type": "Feature", "properties": {"name": "Queen's Head Yard", "kind": "road"}, "geometry": {"type": "LineString", "coordinates": [[-0.0910805, 51.5039875], [-0.0910053, 51.5039607], [-0.0907225, 51.5038566], [-0.0906386, 51.5038243], [-0.0904775, 51.5037579]]}}, {"type": "Feature", "properties": {"name": "Kentish Buildings", "kind": "road"}, "geometry": {"type": "LineString", "coordinates": [[-0.0907498, 51.5034761], [-0.0907295, 51.5035105], [-0.0907115, 51.5035268], [-0.0906601, 51.5035734], [-0.0906461, 51.503586]]}}, {"type": "Feature", "properties": {"name": "Mermaid Court", "kind": "road"}, "geometry": {"type": "LineString", "coordinates": [[-0.0905228, 51.5023581], [-0.0904897, 51.5023453], [-0.0896893, 51.5020362], [-0.0896519, 51.5020089], [-0.0896269, 51.5019998]]}}, {"type": "Feature", "properties": {"name": "", "kind": "road"}, "geometry": {"type": "LineString", "coordinates": [[-0.0897452, 51.5008706], [-0.089701, 51.5009303], [-0.0896318, 51.5010235], [-0.0896832, 51.5010936], [-0.0896054, 51.5016217], [-0.0895624, 51.5016865], [-0.089579, 51.5017246], [-0.0896884, 51.5018092], [-0.0897679, 51.5018707], [-0.0896519, 51.5020089]]}}, {"type": "Feature", "properties": {"name": "", "kind": "road"}, "geometry": {"type": "LineString", "coordinates": [[-0.0882345, 51.5012524], [-0.0882304, 51.5012834], [-0.0882237, 51.5014182], [-0.0883469, 51.5014402], [-0.0884374, 51.5015146], [-0.0883449, 51.5017083]]}}, {"type": "Feature", "properties": {"name": "", "kind": "road"}, "geometry": {"type": "LineString", "coordinates": [[-0.0896884, 51.5018092], [-0.0898489, 51.5017159], [-0.0900189, 51.5017212]]}}, {"type": "Feature", "properties": {"name": "", "kind": "road"}, "geometry": {"type": "LineString", "coordinates": [[-0.086371, 51.5014239], [-0.0863965, 51.5014027], [-0.0865518, 51.5012734], [-0.0865891, 51.5012366], [-0.0866342, 51.5011763], [-0.0867943, 51.5008502], [-0.0868626, 51.5007278], [-0.0869209, 51.500724], [-0.0869803, 51.5007163], [-0.0870473, 51.5007016], [-0.0871391, 51.500693], [-0.0872447, 51.5006933], [-0.0872623, 51.500694], [-0.0873033, 51.5006957]]}}, {"type": "Feature", "properties": {"name": "Hamlet Way", "kind": "road"}, "geometry": {"type": "LineString", "coordinates": [[-0.0872835, 51.501112], [-0.0872363, 51.5011116], [-0.0868539, 51.5011082], [-0.0868067, 51.501106]]}}, {"type": "Feature", "properties": {"name": "", "kind": "road"}, "geometry": {"type": "LineString", "coordinates": [[-0.0897544, 51.5038736], [-0.0894153, 51.5037591], [-0.0893612, 51.5038212]]}}, {"type": "Feature", "properties": {"name": "", "kind": "road"}, "geometry": {"type": "LineString", "coordinates": [[-0.0893612, 51.5038212], [-0.0893007, 51.503892]]}}, {"type": "Feature", "properties": {"name": "London Bridge", "kind": "road"}, "geometry": {"type": "LineString", "coordinates": [[-0.0882286, 51.5063039], [-0.0882314, 51.5062968], [-0.0882449, 51.5062617], [-0.0882547, 51.5062361], [-0.0882711, 51.506199], [-0.0882957, 51.5061654]]}}, {"type": "Feature", "properties": {"name": "London Bridge", "kind": "road"}, "geometry": {"type": "LineString", "coordinates": [[-0.0883806, 51.5063269], [-0.088365, 51.5063611], [-0.0883105, 51.5064737], [-0.0882828, 51.5065452]]}}, {"type": "Feature", "properties": {"name": "Tooley Street", "kind": "road"}, "geometry": {"type": "LineString", "coordinates": [[-0.0831847, 51.5046208], [-0.0832206, 51.5046354], [-0.0833577, 51.5046968], [-0.0834668, 51.5047441]]}}, {"type": "Feature", "properties": {"name": "Guildable Manor Street", "kind": "road"}, "geometry": {"type": "LineString", "coordinates": [[-0.0885388, 51.5055197], [-0.0885758, 51.5055534], [-0.0885882, 51.5055872], [-0.0885804, 51.5056172], [-0.0885602, 51.5056424], [-0.088526, 51.5056641], [-0.0884741, 51.5056778], [-0.0883598, 51.5056928], [-0.0882015, 51.5057051], [-0.0880724, 51.5057081], [-0.0879295, 51.5057119], [-0.0877603, 51.5057036], [-0.0875878, 51.5056875]]}}, {"type": "Feature", "properties": {"name": "Montague Close", "kind": "road"}, "geometry": {"type": "LineString", "coordinates": [[-0.0891897, 51.5062903], [-0.0892039, 51.5063099], [-0.0892191, 51.5063462], [-0.0891286, 51.5065411], [-0.0891129, 51.5065748]]}}, {"type": "Feature", "properties": {"name": "Winchester Square", "kind": "road"}, "geometry": {"type": "LineString", "coordinates": [[-0.0905115, 51.5065672], [-0.0907833, 51.5066315]]}}, {"type": "Feature", "properties": {"name": "Montague Close", "kind": "road"}, "geometry": {"type": "LineString", "coordinates": [[-0.0888587, 51.5064608], [-0.088846, 51.5064877], [-0.0888325, 51.5065228]]}}, {"type": "Feature", "properties": {"name": "Winchester Square", "kind": "road"}, "geometry": {"type": "LineString", "coordinates": [[-0.0909416, 51.5066334], [-0.090988, 51.5066467], [-0.0911135, 51.506658], [-0.0911347, 51.5066549], [-0.0911523, 51.5066436], [-0.0911874, 51.506542], [-0.0911851, 51.5065301], [-0.0911661, 51.5065236], [-0.0910292, 51.5065196], [-0.0909852, 51.5065184]]}}, {"type": "Feature", "properties": {"name": "Borough High Street", "kind": "road"}, "geometry": {"type": "LineString", "coordinates": [[-0.0896147, 51.5051471], [-0.0895457, 51.5051977], [-0.0894197, 51.5053045], [-0.0893802, 51.5053368]]}}, {"type": "Feature", "properties": {"name": "London Bridge Street", "kind": "road"}, "geometry": {"type": "LineString", "coordinates": [[-0.0888318, 51.5056805], [-0.0889071, 51.5057286]]}}, {"type": "Feature", "properties": {"name": "London Bridge Street", "kind": "road"}, "geometry": {"type": "LineString", "coordinates": [[-0.0865225, 51.5050096], [-0.0866976, 51.5048771], [-0.0867651, 51.5048289], [-0.0868206, 51.5047864], [-0.0868558, 51.5047655], [-0.086915, 51.5047586], [-0.0869737, 51.5047773]]}}, {"type": "Feature", "properties": {"name": "", "kind": "road"}, "geometry": {"type": "LineString", "coordinates": [[-0.0850414, 51.5065747], [-0.0850435, 51.5065329], [-0.0852475, 51.506531], [-0.0854088, 51.5065275], [-0.085408, 51.5065097], [-0.0854075, 51.5064904], [-0.0851315, 51.5064675], [-0.085142, 51.5064136], [-0.0850561, 51.5064072], [-0.0850667, 51.5063541], [-0.0847801, 51.5063295], [-0.0844873, 51.5063059], [-0.0844767, 51.5063584], [-0.0843922, 51.506352], [-0.0843795, 51.5064048], [-0.0840182, 51.5063753], [-0.0840293, 51.5063221], [-0.0839441, 51.5063143], [-0.0839031, 51.5063103], [-0.0838644, 51.5063231], [-0.0837308, 51.5063016], [-0.0837235, 51.5063178], [-0.0837044, 51.5063595], [-0.0837321, 51.5063587], [-0.0839679, 51.5063976], [-0.0839669, 51.5064054], [-0.0842055, 51.5064513], [-0.0842085, 51.5064462], [-0.0844325, 51.5064873], [-0.0844222, 51.5065228], [-0.0844391, 51.5065245], [-0.0844835, 51.5065617], [-0.0844813, 51.5065716], [-0.0845336, 51.5065788], [-0.0846242, 51.5065924], [-0.0846746, 51.5065969], [-0.0846844, 51.5065981], [-0.0847175, 51.5066017], [-0.0847524, 51.5066051], [-0.0847603, 51.5066055], [-0.0848302, 51.5066083], [-0.0849086, 51.5066102], [-0.0849622, 51.5066116], [-0.0849637, 51.5066018], [-0.085024, 51.5065736], [-0.0850414, 51.5065747]]}}, {"type": "Feature", "properties": {"name": "Weston Street", "kind": "road"}, "geometry": {"type": "LineString", "coordinates": [[-0.0856146, 51.5022876], [-0.0856249, 51.5022584], [-0.0856573, 51.5021669], [-0.085757, 51.5018796], [-0.0858011, 51.5017219]]}}, {"type": "Feature", "properties": {"name": "St. Thomas Street", "kind": "road"}, "geometry": {"type": "LineString", "coordinates": [[-0.0853225, 51.503398], [-0.0859727, 51.5037852], [-0.0864252, 51.5040474]]}}, {"type": "Feature", "properties": {"name": "", "kind": "road"}, "geometry": {"type": "LineString", "coordinates": [[-0.0860293, 51.5048532], [-0.0858608, 51.5047298], [-0.0856148, 51.504542], [-0.0854083, 51.5043808], [-0.0854352, 51.5043474], [-0.0854739, 51.5042972], [-0.0854899, 51.5042793], [-0.085665, 51.5043441], [-0.0857594, 51.5042792], [-0.0859747, 51.5041209], [-0.0861305, 51.5042045], [-0.0859358, 51.5043594], [-0.0860736, 51.5044247], [-0.0860769, 51.5044857], [-0.086036, 51.5045461], [-0.0862709, 51.5046764], [-0.0862533, 51.504705], [-0.0861813, 51.5047536], [-0.0860293, 51.5048532]]}}, {"type": "Feature", "properties": {"name": "", "kind": "road"}, "geometry": {"type": "LineString", "coordinates": [[-0.0875878, 51.5056875], [-0.0874455, 51.505602], [-0.0873073, 51.5055229], [-0.0868573, 51.5052861], [-0.0865936, 51.5051466]]}}, {"type": "Feature", "properties": {"name": "", "kind": "road"}, "geometry": {"type": "LineString", "coordinates": [[-0.0875878, 51.5056875], [-0.0874659, 51.5056633], [-0.087386, 51.5056405], [-0.0872974, 51.5056049], [-0.0871813, 51.5055509]]}}, {"type": "Feature", "properties": {"name": "Railway Approach", "kind": "road"}, "geometry": {"type": "LineString", "coordinates": [[-0.0875878, 51.5056875], [-0.0875522, 51.5056278], [-0.0875195, 51.5055637], [-0.0875016, 51.5055411], [-0.0874748, 51.5055172], [-0.0874401, 51.5054943], [-0.0869431, 51.5052307], [-0.0866718, 51.50509]]}}, {"type": "Feature", "properties": {"name": "Railway Approach", "kind": "road"}, "geometry": {"type": "LineString", "coordinates": [[-0.0866718, 51.50509], [-0.086616, 51.5050601], [-0.0865225, 51.5050096]]}}, {"type": "Feature", "properties": {"name": "Southwark Street", "kind": "road"}, "geometry": {"type": "LineString", "coordinates": [[-0.0909033, 51.5047304], [-0.0908521, 51.5047669], [-0.0905568, 51.5048112], [-0.0903153, 51.5048475], [-0.0902428, 51.5048536], [-0.0900509, 51.5048632]]}}, {"type": "Feature", "properties": {"name": "", "kind": "road"}, "geometry": {"type": "LineString", "coordinates": [[-0.0895652, 51.5063808], [-0.0895113, 51.5065012], [-0.0894833, 51.506564], [-0.0893797, 51.5065455], [-0.0892771, 51.5065273], [-0.0893089, 51.5064607], [-0.0893246, 51.5064624], [-0.0893375, 51.5064586], [-0.0893407, 51.5064522], [-0.0893442, 51.5064454], [-0.0893347, 51.5064372], [-0.0893221, 51.5064343], [-0.0893543, 51.5063669], [-0.089365, 51.5063447], [-0.0894487, 51.5063597], [-0.0894654, 51.5063627], [-0.0894816, 51.5063656], [-0.0895652, 51.5063808]]}}, {"type": "Feature", "properties": {"name": "", "kind": "road"}, "geometry": {"type": "LineString", "coordinates": [[-0.0865644, 51.5064448], [-0.0867134, 51.5062472]]}}, {"type": "Feature", "properties": {"name": "Borough High Street", "kind": "road"}, "geometry": {"type": "LineString", "coordinates": [[-0.0885569, 51.5060791], [-0.0884115, 51.5062781]]}}, {"type": "Feature", "properties": {"name": "Borough High Street", "kind": "road"}, "geometry": {"type": "LineString", "coordinates": [[-0.0884844, 51.5061172], [-0.0884409, 51.5060985], [-0.0884135, 51.5060885], [-0.0883667, 51.5060762]]}}, {"type": "Feature", "properties": {"name": "Borough High Street", "kind": "road"}, "geometry": {"type": "LineString", "coordinates": [[-0.0883667, 51.5060762], [-0.0884016, 51.5060427], [-0.0884389, 51.5060106], [-0.0884908, 51.5059681], [-0.0885683, 51.5059022]]}}, {"type": "Feature", "properties": {"name": "Duke Street Hill", "kind": "road"}, "geometry": {"type": "LineString", "coordinates": [[-0.0879963, 51.5060962], [-0.0880444, 51.506106], [-0.0880651, 51.5061104]]}}, {"type": "Feature", "properties": {"name": "Duke Street Hill", "kind": "road"}, "geometry": {"type": "LineString", "coordinates": [[-0.0872632, 51.5059746], [-0.0872905, 51.5059792], [-0.0878832, 51.5060758]]}}, {"type": "Feature", "properties": {"name": "Duke Street Hill", "kind": "road"}, "geometry": {"type": "LineString", "coordinates": [[-0.0866085, 51.5058668], [-0.0868483, 51.5059032]]}}, {"type": "Feature", "properties": {"name": "Green Dragon Court", "kind": "road"}, "geometry": {"type": "LineString", "coordinates": [[-0.0897633, 51.5057441], [-0.0902497, 51.5059272], [-0.0903255, 51.5059428]]}}, {"type": "Feature", "properties": {"name": "Railway Approach", "kind": "road"}, "geometry": {"type": "LineString", "coordinates": [[-0.0883667, 51.5060762], [-0.0881411, 51.5060072]]}}, {"type": "Feature", "properties": {"name": "London Bridge Street", "kind": "road"}, "geometry": {"type": "LineString", "coordinates": [[-0.0881411, 51.5060072], [-0.0881221, 51.5060001], [-0.0880466, 51.505972]]}}, {"type": "Feature", "properties": {"name": "Railway Approach", "kind": "road"}, "geometry": {"type": "LineString", "coordinates": [[-0.0880466, 51.505972], [-0.0877069, 51.5057958], [-0.0876397, 51.5057464], [-0.0875878, 51.5056875]]}}, {"type": "Feature", "properties": {"name": "White Hart Yard", "kind": "road"}, "geometry": {"type": "LineString", "coordinates": [[-0.0900478, 51.5045644], [-0.0900972, 51.5045861]]}}, {"type": "Feature", "properties": {"name": "White Hart Yard", "kind": "road"}, "geometry": {"type": "LineString", "coordinates": [[-0.0900972, 51.5045861], [-0.0901183, 51.5045963], [-0.0901872, 51.5046297], [-0.0902524, 51.5046614]]}}, {"type": "Feature", "properties": {"name": "King's Head Yard", "kind": "road"}, "geometry": {"type": "LineString", "coordinates": [[-0.0896393, 51.5047533], [-0.0895129, 51.5047014], [-0.0890168, 51.5044974], [-0.0888, 51.5043357]]}}, {"type": "Feature", "properties": {"name": "King's Head Yard", "kind": "road"}, "geometry": {"type": "LineString", "coordinates": [[-0.089784, 51.5048142], [-0.0896393, 51.5047533]]}}, {"type": "Feature", "properties": {"name": "", "kind": "road"}, "geometry": {"type": "LineString", "coordinates": [[-0.0865936, 51.5051466], [-0.0865409, 51.5051177], [-0.0865224, 51.5051051], [-0.0865046, 51.5050867], [-0.0864991, 51.5050717], [-0.086498, 51.5050455], [-0.0865225, 51.5050096]]}}, {"type": "Feature", "properties": {"name": "Bedale Street", "kind": "road"}, "geometry": {"type": "LineString", "coordinates": [[-0.089858, 51.5053498], [-0.0902579, 51.5055458], [-0.0903553, 51.5056958], [-0.0903747, 51.5057257], [-0.0903754, 51.5057355], [-0.0903787, 51.5057841]]}}, {"type": "Feature", "properties": {"name": "Southwark Street", "kind": "road"}, "geometry": {"type": "LineString", "coordinates": [[-0.0925369, 51.5046884], [-0.0923792, 51.5046857], [-0.0919052, 51.5046868], [-0.0915362, 51.5046943], [-0.0911654, 51.504708], [-0.0909033, 51.5047304]]}}, {"type": "Feature", "properties": {"name": "", "kind": "road"}, "geometry": {"type": "LineString", "coordinates": [[-0.0871813, 51.5055509], [-0.086785, 51.5053432], [-0.0865203, 51.5052006]]}}, {"type": "Feature", "properties": {"name": "Borough High Street", "kind": "road"}, "geometry": {"type": "LineString", "coordinates": [[-0.0892842, 51.5053386], [-0.0892839, 51.5052905], [-0.0893203, 51.5052587], [-0.0893925, 51.5051962], [-0.089525, 51.5051028], [-0.0895616, 51.5050759], [-0.0896577, 51.5050658]]}}, {"type": "Feature", "properties": {"name": "London Bridge Hospital", "kind": "hospital"}, "geometry": {"type": "Polygon", "coordinates": [[[-0.0867724, 51.5062297], [-0.086755, 51.5063048], [-0.0866652, 51.5064299], [-0.0866468, 51.5064556], [-0.0865712, 51.5065689], [-0.0865663, 51.5065764], [-0.086562, 51.5065836], [-0.0861499, 51.5065342], [-0.0861502, 51.506527], [-0.0861505, 51.5065198], [-0.0855203, 51.5065237], [-0.0855197, 51.5064809], [-0.0855008, 51.5061796], [-0.0854995, 51.5061586], [-0.0853082, 51.5061429], [-0.0853505, 51.5059422], [-0.0853877, 51.5059446], [-0.0854214, 51.5057846], [-0.08552, 51.5056923], [-0.0855522, 51.5056798], [-0.0859554, 51.5058457], [-0.0863054, 51.5060258], [-0.0867724, 51.5062297]]]}}, {"type": "Feature", "properties": {"name": "Weston Street", "kind": "road"}, "geometry": {"type": "LineString", "coordinates": [[-0.0855048, 51.5010549], [-0.0854496, 51.5009311], [-0.0854016, 51.5008354], [-0.085202, 51.5005679]]}}, {"type": "Feature", "properties": {"name": "Snowsfields", "kind": "road"}, "geometry": {"type": "LineString", "coordinates": [[-0.0883487, 51.5021674], [-0.0882921, 51.5021645], [-0.0882219, 51.5021651]]}}, {"type": "Feature", "properties": {"name": "Kipling Street", "kind": "road"}, "geometry": {"type": "LineString", "coordinates": [[-0.0872381, 51.501542], [-0.0872771, 51.5012243]]}}, {"type": "Feature", "properties": {"name": "St. Thomas Street", "kind": "road"}, "geometry": {"type": "LineString", "coordinates": [[-0.0826841, 51.5024819], [-0.082736, 51.5025018], [-0.0827627, 51.5025113], [-0.0831801, 51.5026594], [-0.0832421, 51.502679], [-0.084125, 51.5029857], [-0.0845214, 51.5031214], [-0.0847865, 51.503217], [-0.0853225, 51.503398]]}}, {"type": "Feature", "properties": {"name": "", "kind": "road"}, "geometry": {"type": "LineString", "coordinates": [[-0.0860809, 51.5061518], [-0.0860474, 51.506149]]}}, {"type": "Feature", "properties": {"name": "", "kind": "road"}, "geometry": {"type": "LineString", "coordinates": [[-0.0860474, 51.506149], [-0.0858928, 51.5061258], [-0.0858284, 51.50607], [-0.0858216, 51.5060062], [-0.0859694, 51.5058466], [-0.0860291, 51.5057789]]}}, {"type": "Feature", "properties": {"name": "", "kind": "road"}, "geometry": {"type": "LineString", "coordinates": [[-0.0864527, 51.506056], [-0.0864232, 51.5060777], [-0.0863553, 51.5061274], [-0.0862703, 51.5061511], [-0.0861664, 51.5061602], [-0.0860809, 51.5061518]]}}, {"type": "Feature", "properties": {"name": "Tooley Street", "kind": "road"}, "geometry": {"type": "LineString", "coordinates": [[-0.0878746, 51.5063738], [-0.0884741, 51.5064612]]}}, {"type": "Feature", "properties": {"name": "London Bridge Street", "kind": "road"}, "geometry": {"type": "LineString", "coordinates": [[-0.0886394, 51.5055664], [-0.0887378, 51.5056304], [-0.0888318, 51.5056805]]}}, {"type": "Feature", "properties": {"name": "Borough High Street", "kind": "road"}, "geometry": {"type": "LineString", "coordinates": [[-0.0887427, 51.5058748], [-0.0886388, 51.5059891], [-0.0886043, 51.5060278], [-0.0885737, 51.5060603], [-0.0885569, 51.5060791]]}}, {"type": "Feature", "properties": {"name": "Borough High Street", "kind": "road"}, "geometry": {"type": "LineString", "coordinates": [[-0.0885683, 51.5059022], [-0.0886653, 51.5058196], [-0.0888318, 51.5056805]]}}, {"type": "Feature", "properties": {"name": "Guy Street", "kind": "road"}, "geometry": {"type": "LineString", "coordinates": [[-0.085832, 51.5013566], [-0.0857066, 51.5013418], [-0.0856352, 51.5013333]]}}, {"type": "Feature", "properties": {"name": "Snowsfields", "kind": "road"}, "geometry": {"type": "LineString", "coordinates": [[-0.0882219, 51.5021651], [-0.0881062, 51.5021804], [-0.0879518, 51.5022033], [-0.0873295, 51.5022922], [-0.0872645, 51.5022895]]}}, {"type": "Feature", "properties": {"name": "Guy Street", "kind": "road"}, "geometry": {"type": "LineString", "coordinates": [[-0.0870762, 51.501517], [-0.0867429, 51.5014733], [-0.0866272, 51.5014569], [-0.0865744, 51.5014501], [-0.086371, 51.5014239], [-0.0862697, 51.5014127], [-0.085832, 51.5013566]]}}, {"type": "Feature", "properties": {"name": "", "kind": "road"}, "geometry": {"type": "LineString", "coordinates": [[-0.0879258, 51.5027172], [-0.0879734, 51.5027515], [-0.0880755, 51.5027989], [-0.088158, 51.502821], [-0.0881876, 51.5028287], [-0.0882551, 51.5028414]]}}, {"type": "Feature", "properties": {"name": "", "kind": "road"}, "geometry": {"type": "LineString", "coordinates": [[-0.0866037, 51.5023693], [-0.0866051, 51.5024033]]}}, {"type": "Feature", "properties": {"name": "Winchester Square", "kind": "road"}, "geometry": {"type": "LineString", "coordinates": [[-0.0906285, 51.5068826], [-0.0906308, 51.5068776], [-0.0907171, 51.506688], [-0.0907876, 51.50665]]}}, {"type": "Feature", "properties": {"name": "Winchester Square", "kind": "road"}, "geometry": {"type": "LineString", "coordinates": [[-0.0907876, 51.50665], [-0.0907976, 51.5066337]]}}, {"type": "Feature", "properties": {"name": "Bermondsey Street", "kind": "road"}, "geometry": {"type": "LineString", "coordinates": [[-0.0829182, 51.5034443], [-0.0830456, 51.5037431]]}}, {"type": "Feature", "properties": {"name": "Long Lane", "kind": "road"}, "geometry": {"type": "LineString", "coordinates": [[-0.0920494, 51.5011064], [-0.0919716, 51.5011101], [-0.0919095, 51.5011111], [-0.0918459, 51.501109], [-0.0917918, 51.5011043], [-0.0917185, 51.501098], [-0.0916864, 51.5010952], [-0.0914187, 51.5010777], [-0.0906748, 51.5010322], [-0.090272, 51.5009771], [-0.0900058, 51.5009233], [-0.0897452, 51.5008706], [-0.0893534, 51.5007544]]}}, {"type": "Feature", "properties": {"name": "Great Maze Pond", "kind": "road"}, "geometry": {"type": "LineString", "coordinates": [[-0.0871849, 51.5043222], [-0.0872248, 51.5042774], [-0.0872641, 51.5042334], [-0.0875128, 51.5039535]]}}, {"type": "Feature", "properties": {"name": "Bedale Street", "kind": "road"}, "geometry": {"type": "LineString", "coordinates": [[-0.0896442, 51.5052435], [-0.089858, 51.5053498]]}}, {"type": "Feature", "properties": {"name": "Winchester Square", "kind": "road"}, "geometry": {"type": "LineString", "coordinates": [[-0.0907833, 51.5066315], [-0.0907976, 51.5066337], [-0.0908881, 51.5066446], [-0.0908953, 51.5066455], [-0.0909416, 51.5066334]]}}, {"type": "Feature", "properties": {"name": "", "kind": "road"}, "geometry": {"type": "LineString", "coordinates": [[-0.0832421, 51.502679], [-0.0832068, 51.5027187], [-0.0831868, 51.5027413]]}}, {"type": "Feature", "properties": {"name": "", "kind": "road"}, "geometry": {"type": "LineString", "coordinates": [[-0.0844879, 51.5031868], [-0.0842094, 51.5034443], [-0.0844452, 51.5035393], [-0.084715, 51.5032673]]}}, {"type": "Feature", "properties": {"name": "", "kind": "road"}, "geometry": {"type": "LineString", "coordinates": [[-0.084715, 51.5032673], [-0.0847341, 51.5032539], [-0.0847865, 51.503217]]}}, {"type": "Feature", "properties": {"name": "London Bridge Street", "kind": "road"}, "geometry": {"type": "LineString", "coordinates": [[-0.0880651, 51.5061104], [-0.0880758, 51.5061085], [-0.0881075, 51.5061012], [-0.0881274, 51.5060865], [-0.0881519, 51.5060532], [-0.0881573, 51.5060358], [-0.0881482, 51.5060166], [-0.0881411, 51.5060072]]}}, {"type": "Feature", "properties": {"name": "", "kind": "road"}, "geometry": {"type": "LineString", "coordinates": [[-0.0831836, 51.5039135], [-0.0832705, 51.5039903], [-0.0833562, 51.5040824], [-0.0837165, 51.5044827], [-0.0837528, 51.504527], [-0.0836739, 51.5045634], [-0.0836674, 51.5045502], [-0.0836118, 51.5045242], [-0.0835619, 51.5045067], [-0.083549, 51.5045087], [-0.0834019, 51.5045332], [-0.0833342, 51.5043373], [-0.0832672, 51.504099], [-0.0833045, 51.5040942], [-0.0832938, 51.5040621], [-0.0832556, 51.5040671], [-0.0831859, 51.5039749], [-0.0831836, 51.5039135]]}}, {"type": "Feature", "properties": {"name": "", "kind": "road"}, "geometry": {"type": "LineString", "coordinates": [[-0.0831868, 51.5027413], [-0.0831317, 51.5028071]]}}, {"type": "Feature", "properties": {"name": "", "kind": "road"}, "geometry": {"type": "LineString", "coordinates": [[-0.0845214, 51.5031214], [-0.0844971, 51.5031689], [-0.0844879, 51.5031868]]}}, {"type": "Feature", "properties": {"name": "London Bridge Street", "kind": "road"}, "geometry": {"type": "LineString", "coordinates": [[-0.0875715, 51.5050919], [-0.0877325, 51.5051666], [-0.0882939, 51.5054098], [-0.088342, 51.5054314], [-0.0885388, 51.5055197], [-0.0886394, 51.5055664]]}}, {"type": "Feature", "properties": {"name": "", "kind": "road"}, "geometry": {"type": "LineString", "coordinates": [[-0.0865203, 51.5052006], [-0.0865024, 51.5051881], [-0.0864878, 51.5051725], [-0.0864686, 51.5051328], [-0.0864686, 51.5050865], [-0.0864751, 51.5050596], [-0.0864923, 51.5050361], [-0.0865225, 51.5050096]]}}, {"type": "Feature", "properties": {"name": "", "kind": "road"}, "geometry": {"type": "LineString", "coordinates": [[-0.0899196, 51.5050744], [-0.0900111, 51.5051448], [-0.0901182, 51.505209], [-0.0904246, 51.5053927], [-0.0904948, 51.5054541], [-0.090571, 51.5055584], [-0.090684, 51.5056896]]}}, {"type": "Feature", "properties": {"name": "", "kind": "road"}, "geometry": {"type": "LineString", "coordinates": [[-0.090684, 51.5056896], [-0.0903553, 51.5056958]]}}, {"type": "Feature", "properties": {"name": "", "kind": "road"}, "geometry": {"type": "LineString", "coordinates": [[-0.0882985, 51.5024714], [-0.0884087, 51.5024888], [-0.0885082, 51.5025076]]}}, {"type": "Feature", "properties": {"name": "", "kind": "road"}, "geometry": {"type": "LineString", "coordinates": [[-0.090527, 51.5068562], [-0.0904991, 51.5068931], [-0.0904321, 51.5069815]]}}, {"type": "Feature", "properties": {"name": "", "kind": "road"}, "geometry": {"type": "LineString", "coordinates": [[-0.0842258, 51.5023069], [-0.0841781, 51.5023076], [-0.0841468, 51.502308], [-0.0839849, 51.5023265], [-0.0838738, 51.5023288]]}}, {"type": "Feature", "properties": {"name": "Weston Street", "kind": "road"}, "geometry": {"type": "LineString", "coordinates": [[-0.0855929, 51.5023595], [-0.0856053, 51.5023183]]}}, {"type": "Feature", "properties": {"name": "Snowsfields", "kind": "road"}, "geometry": {"type": "LineString", "coordinates": [[-0.0826841, 51.5024819], [-0.0827426, 51.502469], [-0.0830399, 51.5023882], [-0.0832369, 51.502298], [-0.0834104, 51.5021767], [-0.083602, 51.5021214], [-0.0838273, 51.5020811], [-0.0840687, 51.5020682], [-0.0842714, 51.5020587], [-0.0844512, 51.5020706], [-0.084627, 51.5021091], [-0.0848279, 51.5021623], [-0.0849141, 51.5021766], [-0.0849862, 51.5021887], [-0.0855753, 51.502284], [-0.0856146, 51.5022876]]}}, {"type": "Feature", "properties": {"name": "Bermondsey Street", "kind": "road"}, "geometry": {"type": "LineString", "coordinates": [[-0.083281, 51.5043611], [-0.0833072, 51.5044434], [-0.0833039, 51.5044767], [-0.0832672, 51.5045358]]}}, {"type": "Feature", "properties": {"name": "Borough High Street", "kind": "road"}, "geometry": {"type": "LineString", "coordinates": [[-0.0896577, 51.5050658], [-0.0896828, 51.5050495], [-0.0897698, 51.5049856]]}}, {"type": "Feature", "properties": {"name": "", "kind": "road"}, "geometry": {"type": "LineString", "coordinates": [[-0.086367, 51.5040915], [-0.0863851, 51.5040778], [-0.0864252, 51.5040474]]}}, {"type": "Feature", "properties": {"name": "", "kind": "road"}, "geometry": {"type": "LineString", "coordinates": [[-0.0890216, 51.5011455], [-0.0890728, 51.5011543], [-0.0893035, 51.501194], [-0.0894178, 51.5011522], [-0.0895053, 51.5011202]]}}, {"type": "Feature", "properties": {"name": "", "kind": "road"}, "geometry": {"type": "LineString", "coordinates": [[-0.0890749, 51.5010214], [-0.0890099, 51.5010101], [-0.0889209, 51.5009947], [-0.0887696, 51.5009611], [-0.0886617, 51.5009545], [-0.088621, 51.5009766]]}}, {"type": "Feature", "properties": {"name": "", "kind": "road"}, "geometry": {"type": "LineString", "coordinates": [[-0.0906135, 51.5015067], [-0.090564, 51.5015038], [-0.09051, 51.5015007], [-0.0904887, 51.5014962], [-0.0904735, 51.5014865], [-0.0904628, 51.5014708], [-0.0904796, 51.5013504], [-0.090501, 51.5013316], [-0.0905398, 51.5013268], [-0.0905712, 51.5013281], [-0.0905901, 51.5013289], [-0.090634, 51.5013309]]}}, {"type": "Feature", "properties": {"name": "", "kind": "road"}, "geometry": {"type": "LineString", "coordinates": [[-0.0905398, 51.5013268], [-0.0905518, 51.5012136]]}}, {"type": "Feature", "properties": {"name": "", "kind": "road"}, "geometry": {"type": "LineString", "coordinates": [[-0.09051, 51.5015007], [-0.0904998, 51.501616], [-0.0906977, 51.5016393], [-0.0906851, 51.5017649], [-0.0906767, 51.5018746]]}}, {"type": "Feature", "properties": {"name": "", "kind": "road"}, "geometry": {"type": "LineString", "coordinates": [[-0.0908597, 51.5017594], [-0.0908919, 51.5017622], [-0.0911401, 51.501784]]}}, {"type": "Feature", "properties": {"name": "", "kind": "road"}, "geometry": {"type": "LineString", "coordinates": [[-0.090843, 51.5015938], [-0.0908727, 51.5015753], [-0.0909045, 51.5015555], [-0.09099, 51.5015023]]}}, {"type": "Feature", "properties": {"name": "", "kind": "road"}, "geometry": {"type": "LineString", "coordinates": [[-0.0908667, 51.5016621], [-0.0909002, 51.5016646], [-0.0912366, 51.5016901]]}}, {"type": "Feature", "properties": {"name": "Guy's Hospital", "kind": "hospital"}, "geometry": {"type": "Polygon", "coordinates": [[[-0.0871985, 51.5042541], [-0.086575, 51.5040449], [-0.0862874, 51.5038818], [-0.0860974, 51.5037721], [-0.0854746, 51.5034267], [-0.0854119, 51.5033846], [-0.0854273, 51.5032592], [-0.0854498, 51.5031605], [-0.0855212, 51.5029026], [-0.0860593, 51.5029607], [-0.0861268, 51.5027195], [-0.0861512, 51.5026368], [-0.0862069, 51.5025983], [-0.0862464, 51.5025766], [-0.0862961, 51.5023958], [-0.0864209, 51.5024055], [-0.0866441, 51.5024071], [-0.0868684, 51.502392], [-0.08742, 51.5023094], [-0.0879744, 51.5022263], [-0.0880611, 51.5022153], [-0.0880796, 51.5022219], [-0.0882475, 51.5026964], [-0.0882282, 51.5028145], [-0.0879657, 51.5033039], [-0.0878128, 51.5035255], [-0.0874799, 51.5039311], [-0.0874552, 51.5039733], [-0.0871985, 51.5042541]]]}}, {"type": "Feature", "properties": {"name": "Rochester Walk", "kind": "road"}, "geometry": {"type": "LineString", "coordinates": [[-0.090684, 51.5056896], [-0.0908879, 51.5057212], [-0.0910149, 51.505725], [-0.091212, 51.5057282], [-0.0913302, 51.5057216], [-0.0913817, 51.5057105], [-0.091408, 51.5057037], [-0.0914238, 51.5056996], [-0.0914759, 51.5056862]]}}, {"type": "Feature", "properties": {"name": "Vinegar Yard", "kind": "road"}, "geometry": {"type": "LineString", "coordinates": [[-0.0832652, 51.5025645], [-0.0832013, 51.5026358], [-0.0831801, 51.5026594]]}}, {"type": "Feature", "properties": {"name": "", "kind": "road"}, "geometry": {"type": "LineString", "coordinates": [[-0.0869046, 51.5011799], [-0.0867594, 51.5011769], [-0.0867905, 51.5011348], [-0.0868067, 51.501106]]}}, {"type": "Feature", "properties": {"name": "", "kind": "road"}, "geometry": {"type": "LineString", "coordinates": [[-0.0868539, 51.5011082], [-0.086861, 51.5010195], [-0.0868687, 51.5009361], [-0.0869078, 51.50086], [-0.0870318, 51.500859]]}}, {"type": "Feature", "properties": {"name": "London Bridge", "kind": "road"}, "geometry": {"type": "LineString", "coordinates": [[-0.08786, 51.5072616], [-0.0880457, 51.5067756], [-0.0880515, 51.5067583], [-0.0880803, 51.5066737], [-0.0882286, 51.5063039]]}}, {"type": "Feature", "properties": {"name": "London Bridge", "kind": "road"}, "geometry": {"type": "LineString", "coordinates": [[-0.0882828, 51.5065452], [-0.0882128, 51.5067393], [-0.0881937, 51.506796], [-0.0881117, 51.5070116]]}}, {"type": "Feature", "properties": {"name": "Duke Street Hill", "kind": "road"}, "geometry": {"type": "LineString", "coordinates": [[-0.0878832, 51.5060758], [-0.0879358, 51.5060846], [-0.0879963, 51.5060962]]}}, {"type": "Feature", "properties": {"name": "Duke Street Hill", "kind": "road"}, "geometry": {"type": "LineString", "coordinates": [[-0.0868483, 51.5059032], [-0.086999, 51.5059289], [-0.0872632, 51.5059746]]}}, {"type": "Feature", "properties": {"name": "Tooley Street", "kind": "road"}, "geometry": {"type": "LineString", "coordinates": [[-0.0861815, 51.5058048], [-0.0863501, 51.5058302]]}}, {"type": "Feature", "properties": {"name": "Tooley Street", "kind": "road"}, "geometry": {"type": "LineString", "coordinates": [[-0.083013, 51.5045564], [-0.0829411, 51.5045345], [-0.0828882, 51.5045195]]}}, {"type": "Feature", "properties": {"name": "Bermondsey Street", "kind": "road"}, "geometry": {"type": "LineString", "coordinates": [[-0.0832672, 51.5045358], [-0.0832412, 51.504563], [-0.0831847, 51.5046208]]}}, {"type": "Feature", "properties": {"name": "", "kind": "road"}, "geometry": {"type": "LineString", "coordinates": [[-0.0894745, 51.5025562], [-0.0894907, 51.5025359], [-0.0895594, 51.5024678], [-0.0896254, 51.5024663], [-0.0898927, 51.5025584], [-0.0898911, 51.5025916], [-0.0898593, 51.5026508], [-0.0898524, 51.5026678]]}}, {"type": "Feature", "properties": {"name": "", "kind": "road"}, "geometry": {"type": "LineString", "coordinates": [[-0.0880315, 51.5046604], [-0.0879928, 51.5047026], [-0.0879495, 51.5047553]]}}, {"type": "Feature", "properties": {"name": "", "kind": "road"}, "geometry": {"type": "LineString", "coordinates": [[-0.0886141, 51.5048906], [-0.0885539, 51.5049412], [-0.0885459, 51.5049486], [-0.0885326, 51.504961]]}}, {"type": "Feature", "properties": {"name": "", "kind": "road"}, "geometry": {"type": "LineString", "coordinates": [[-0.0895129, 51.5047014], [-0.0894851, 51.5047278], [-0.0893384, 51.5048671]]}}, {"type": "Feature", "properties": {"name": "", "kind": "road"}, "geometry": {"type": "LineString", "coordinates": [[-0.0886515, 51.5042681], [-0.0886374, 51.5042609], [-0.0886028, 51.5042445]]}}, {"type": "Feature", "properties": {"name": "", "kind": "road"}, "geometry": {"type": "LineString", "coordinates": [[-0.0888, 51.5043357], [-0.088742, 51.50431]]}}, {"type": "Feature", "properties": {"name": "", "kind": "road"}, "geometry": {"type": "LineString", "coordinates": [[-0.088367, 51.5053477], [-0.0884931, 51.5052291]]}}, {"type": "Feature", "properties": {"name": "", "kind": "road"}, "geometry": {"type": "LineString", "coordinates": [[-0.0882939, 51.5054098], [-0.0883349, 51.505375], [-0.088367, 51.5053477]]}}, {"type": "Feature", "properties": {"name": "", "kind": "road"}, "geometry": {"type": "LineString", "coordinates": [[-0.0884931, 51.5052291], [-0.0885147, 51.5052112], [-0.0884182, 51.5051693]]}}, {"type": "Feature", "properties": {"name": "", "kind": "road"}, "geometry": {"type": "LineString", "coordinates": [[-0.0885147, 51.5052112], [-0.088741, 51.5053107]]}}, {"type": "Feature", "properties": {"name": "Southwark Street", "kind": "road"}, "geometry": {"type": "LineString", "coordinates": [[-0.0901416, 51.5047886], [-0.0903148, 51.5047752], [-0.0905241, 51.5047508], [-0.090807, 51.504714], [-0.0908267, 51.5047113], [-0.0909033, 51.5047304]]}}, {"type": "Feature", "properties": {"name": "Borough High Street", "kind": "road"}, "geometry": {"type": "LineString", "coordinates": [[-0.0902551, 51.5046123], [-0.0902524, 51.5046614], [-0.0902381, 51.5046763], [-0.0902066, 51.5047124], [-0.0901416, 51.5047886]]}}, {"type": "Feature", "properties": {"name": "Borough High Street", "kind": "road"}, "geometry": {"type": "LineString", "coordinates": [[-0.0899509, 51.5048067], [-0.0900756, 51.5047146], [-0.0901183, 51.5046825], [-0.0901872, 51.5046297], [-0.0902551, 51.5046123]]}}, {"type": "Feature", "properties": {"name": "", "kind": "road"}, "geometry": {"type": "LineString", "coordinates": [[-0.0899942, 51.5065694], [-0.0899155, 51.5065551], [-0.0896109, 51.5064998]]}}, {"type": "Feature", "properties": {"name": "Cathedral Street", "kind": "road"}, "geometry": {"type": "LineString", "coordinates": [[-0.0902411, 51.5062864], [-0.090271, 51.5063635]]}}, {"type": "Feature", "properties": {"name": "", "kind": "road"}, "geometry": {"type": "LineString", "coordinates": [[-0.0897698, 51.5049856], [-0.0898984, 51.5050618], [-0.0899196, 51.5050744]]}}, {"type": "Feature", "properties": {"name": "London Bridge Street", "kind": "road"}, "geometry": {"type": "LineString", "coordinates": [[-0.0886394, 51.5055664], [-0.0887664, 51.5056051], [-0.0888058, 51.5056137], [-0.0888963, 51.5056237]]}}, {"type": "Feature", "properties": {"name": "", "kind": "road"}, "geometry": {"type": "LineString", "coordinates": [[-0.0867134, 51.5062472], [-0.0863553, 51.5061274]]}}, {"type": "Feature", "properties": {"name": "", "kind": "road"}, "geometry": {"type": "LineString", "coordinates": [[-0.0862602, 51.5064085], [-0.0862585, 51.5064956], [-0.0865063, 51.506525], [-0.0865644, 51.5064448]]}}, {"type": "Feature", "properties": {"name": "", "kind": "road"}, "geometry": {"type": "LineString", "coordinates": [[-0.0862703, 51.5061511], [-0.08629, 51.5062921], [-0.0862602, 51.5064085]]}}, {"type": "Feature", "properties": {"name": "", "kind": "road"}, "geometry": {"type": "LineString", "coordinates": [[-0.086766, 51.5061937], [-0.0867395, 51.5062207], [-0.0867134, 51.5062472]]}}, {"type": "Feature", "properties": {"name": "The Queen's Walk", "kind": "road"}, "geometry": {"type": "LineString", "coordinates": [[-0.083085, 51.506209], [-0.0827653, 51.5061559]]}}, {"type": "Feature", "properties": {"name": "The Queen's Walk", "kind": "road"}, "geometry": {"type": "LineString", "coordinates": [[-0.0834007, 51.5062622], [-0.0832447, 51.5062356], [-0.083085, 51.506209]]}}, {"type": "Feature", "properties": {"name": "The Queen's Walk", "kind": "road"}, "geometry": {"type": "LineString", "coordinates": [[-0.0837235, 51.5063178], [-0.0834007, 51.5062622]]}}, {"type": "Feature", "properties": {"name": "Oxford Drive", "kind": "road"}, "geometry": {"type": "LineString", "coordinates": [[-0.0830719, 51.5040642], [-0.0831162, 51.5040593], [-0.0831668, 51.5040536]]}}, {"type": "Feature", "properties": {"name": "Oxford Drive", "kind": "road"}, "geometry": {"type": "LineString", "coordinates": [[-0.0829105, 51.50409], [-0.0830719, 51.5040642]]}}, {"type": "Feature", "properties": {"name": "", "kind": "road"}, "geometry": {"type": "LineString", "coordinates": [[-0.0907632, 51.5031292], [-0.0912025, 51.5033213]]}}, {"type": "Feature", "properties": {"name": "Duke Street Hill", "kind": "road"}, "geometry": {"type": "LineString", "coordinates": [[-0.0864338, 51.505841], [-0.0865231, 51.5058541]]}}, {"type": "Feature", "properties": {"name": "Duke Street Hill", "kind": "road"}, "geometry": {"type": "LineString", "coordinates": [[-0.0863501, 51.5058302], [-0.0864338, 51.505841]]}}, {"type": "Feature", "properties": {"name": "Bermondsey Street", "kind": "road"}, "geometry": {"type": "LineString", "coordinates": [[-0.0832149, 51.5041857], [-0.083281, 51.5043611]]}}, {"type": "Feature", "properties": {"name": "Guy\u2019s Courtyard", "kind": "road"}, "geometry": {"type": "LineString", "coordinates": [[-0.0879907, 51.5045177], [-0.0877622, 51.504434], [-0.0875164, 51.5043441], [-0.0878316, 51.5039973], [-0.0879961, 51.5040543], [-0.0879682, 51.5040874], [-0.0880478, 51.5041141], [-0.0881198, 51.5041383], [-0.0881475, 51.5041116], [-0.0883105, 51.504166], [-0.0879907, 51.5045177]]}}, {"type": "Feature", "properties": {"name": "", "kind": "road"}, "geometry": {"type": "LineString", "coordinates": [[-0.0843608, 51.5049903], [-0.084254, 51.5049852], [-0.0841339, 51.5049764], [-0.0836395, 51.5047672], [-0.0835103, 51.5047121], [-0.0835346, 51.50469], [-0.0836724, 51.5045719], [-0.0837528, 51.504527], [-0.0839497, 51.5047089], [-0.084048, 51.504783], [-0.0841299, 51.5048447], [-0.0843608, 51.5049903]]}}, {"type": "Feature", "properties": {"name": "", "kind": "road"}, "geometry": {"type": "LineString", "coordinates": [[-0.0907854, 51.5061896], [-0.0907883, 51.50617]]}}, {"type": "Feature", "properties": {"name": "Borough High Street", "kind": "road"}, "geometry": {"type": "LineString", "coordinates": [[-0.0900509, 51.5048632], [-0.0899271, 51.5049138], [-0.0898637, 51.5049192]]}}, {"type": "Feature", "properties": {"name": "Borough High Street", "kind": "road"}, "geometry": {"type": "LineString", "coordinates": [[-0.0897698, 51.5049856], [-0.0898637, 51.5049192]]}}, {"type": "Feature", "properties": {"name": "Duke Street Hill", "kind": "road"}, "geometry": {"type": "LineString", "coordinates": [[-0.0865231, 51.5058541], [-0.0866085, 51.5058668]]}}, {"type": "Feature", "properties": {"name": "Tooley Street", "kind": "road"}, "geometry": {"type": "LineString", "coordinates": [[-0.0835275, 51.5047711], [-0.0836013, 51.5048017]]}}, {"type": "Feature", "properties": {"name": "Tooley Street", "kind": "road"}, "geometry": {"type": "LineString", "coordinates": [[-0.0834668, 51.5047441], [-0.0835275, 51.5047711]]}}, {"type": "Feature", "properties": {"name": "St. Thomas Street", "kind": "road"}, "geometry": {"type": "LineString", "coordinates": [[-0.0880315, 51.5046604], [-0.0880887, 51.504684], [-0.0886141, 51.5048906], [-0.0891508, 51.5051017], [-0.0892118, 51.5051257], [-0.0893191, 51.5051673], [-0.0893925, 51.5051962]]}}, {"type": "Feature", "properties": {"name": "Green Dragon Court", "kind": "road"}, "geometry": {"type": "LineString", "coordinates": [[-0.0895363, 51.5055827], [-0.0896651, 51.5056964], [-0.0896738, 51.505704], [-0.08972, 51.5057247], [-0.0897633, 51.5057441]]}}, {"type": "Feature", "properties": {"name": "", "kind": "road"}, "geometry": {"type": "LineString", "coordinates": [[-0.089223, 51.5031678], [-0.0892652, 51.5030673], [-0.0892373, 51.5030592], [-0.0887962, 51.5029304], [-0.0887421, 51.5030387], [-0.0891653, 51.5031523], [-0.089223, 51.5031678]]}}, {"type": "Feature", "properties": {"name": "", "kind": "road"}, "geometry": {"type": "LineString", "coordinates": [[-0.0901325, 51.502735], [-0.0901164, 51.5027781], [-0.0900895, 51.5028499], [-0.0906761, 51.5030932]]}}, {"type": "Feature", "properties": {"name": "Winchester Square", "kind": "road"}, "geometry": {"type": "LineString", "coordinates": [[-0.0909852, 51.5065184], [-0.0909416, 51.5066334]]}}, {"type": "Feature", "properties": {"name": "Newcomen Street", "kind": "road"}, "geometry": {"type": "LineString", "coordinates": [[-0.0901325, 51.502735], [-0.090421, 51.502807], [-0.0904952, 51.5028177], [-0.0905307, 51.502829]]}}, {"type": "Feature", "properties": {"name": "", "kind": "road"}, "geometry": {"type": "LineString", "coordinates": [[-0.0904952, 51.5028177], [-0.0905051, 51.5028025], [-0.0905418, 51.5027518], [-0.09061, 51.502748], [-0.0907831, 51.5028119]]}}, {"type": "Feature", "properties": {"name": "", "kind": "road"}, "geometry": {"type": "LineString", "coordinates": [[-0.0834634, 51.5016331], [-0.0833361, 51.5016133], [-0.0831234, 51.5016177], [-0.0829973, 51.5016248], [-0.0828449, 51.5016398], [-0.0827761, 51.5016468], [-0.0827081, 51.5016526], [-0.0826408, 51.5016557], [-0.0826245, 51.5016287], [-0.082628, 51.5015868], [-0.0826301, 51.5015476], [-0.0826202, 51.5015008], [-0.0828626, 51.5014664]]}}, {"type": "Feature", "properties": {"name": "", "kind": "road"}, "geometry": {"type": "LineString", "coordinates": [[-0.0844541, 51.5012204], [-0.0844001, 51.5012705]]}}, {"type": "Feature", "properties": {"name": "Melior Street", "kind": "road"}, "geometry": {"type": "LineString", "coordinates": [[-0.085386, 51.5029141], [-0.0853968, 51.5029113], [-0.0854079, 51.5029113], [-0.0854253, 51.5029114], [-0.0854528, 51.5029111]]}}, {"type": "Feature", "properties": {"name": "Weston Street", "kind": "road"}, "geometry": {"type": "LineString", "coordinates": [[-0.0853225, 51.503398], [-0.0853354, 51.5033785], [-0.0853429, 51.5033671], [-0.0853813, 51.5031924], [-0.0854051, 51.5030803], [-0.0854455, 51.502937]]}}, {"type": "Feature", "properties": {"name": "", "kind": "road"}, "geometry": {"type": "LineString", "coordinates": [[-0.0851043, 51.5019205], [-0.0853126, 51.5019396], [-0.0853737, 51.5017846]]}}, {"type": "Feature", "properties": {"name": "", "kind": "road"}, "geometry": {"type": "LineString", "coordinates": [[-0.0855883, 51.5015057], [-0.0853607, 51.5015513]]}}, {"type": "Feature", "properties": {"name": "", "kind": "road"}, "geometry": {"type": "LineString", "coordinates": [[-0.0856948, 51.5014893], [-0.0856186, 51.501501], [-0.0855883, 51.5015057]]}}, {"type": "Feature", "properties": {"name": "", "kind": "road"}, "geometry": {"type": "LineString", "coordinates": [[-0.0853607, 51.5015513], [-0.0852697, 51.5016656]]}}, {"type": "Feature", "properties": {"name": "Tooley Street", "kind": "road"}, "geometry": {"type": "LineString", "coordinates": [[-0.0836013, 51.5048017], [-0.0836726, 51.5048328]]}}, {"type": "Feature", "properties": {"name": "Tooley Street", "kind": "road"}, "geometry": {"type": "LineString", "coordinates": [[-0.0836726, 51.5048328], [-0.083825, 51.5048995]]}}, {"type": "Feature", "properties": {"name": "Tennis Street", "kind": "road"}, "geometry": {"type": "LineString", "coordinates": [[-0.0905228, 51.5023581], [-0.0901447, 51.5027221], [-0.0901325, 51.502735]]}}, {"type": "Feature", "properties": {"name": "Kipling Street", "kind": "road"}, "geometry": {"type": "LineString", "coordinates": [[-0.0872645, 51.5022895], [-0.0872651, 51.5022727], [-0.0872703, 51.5021208], [-0.0872645, 51.502004]]}}, {"type": "Feature", "properties": {"name": "Weston Street", "kind": "road"}, "geometry": {"type": "LineString", "coordinates": [[-0.0856352, 51.5013333], [-0.0855663, 51.5011878], [-0.0855048, 51.5010549]]}}, {"type": "Feature", "properties": {"name": "", "kind": "road"}, "geometry": {"type": "LineString", "coordinates": [[-0.0888445, 51.5028211], [-0.0888042, 51.5029147], [-0.0887962, 51.5029304]]}}, {"type": "Feature", "properties": {"name": "Mermaid Court", "kind": "road"}, "geometry": {"type": "LineString", "coordinates": [[-0.0910734, 51.5025029], [-0.0905914, 51.502344], [-0.0905521, 51.502331]]}}, {"type": "Feature", "properties": {"name": "Borough High Street", "kind": "road"}, "geometry": {"type": "LineString", "coordinates": [[-0.0898862, 51.5048552], [-0.0899509, 51.5048067]]}}, {"type": "Feature", "properties": {"name": "Borough High Street", "kind": "road"}, "geometry": {"type": "LineString", "coordinates": [[-0.0901416, 51.5047886], [-0.0900509, 51.5048632]]}}, {"type": "Feature", "properties": {"name": "Southwark Street", "kind": "road"}, "geometry": {"type": "LineString", "coordinates": [[-0.0900509, 51.5048632], [-0.0899579, 51.5048606], [-0.0898862, 51.5048552]]}}, {"type": "Feature", "properties": {"name": "Borough High Street", "kind": "road"}, "geometry": {"type": "LineString", "coordinates": [[-0.0898637, 51.5049192], [-0.0898619, 51.5048734], [-0.0898862, 51.5048552]]}}, {"type": "Feature", "properties": {"name": "Melior Street", "kind": "road"}, "geometry": {"type": "LineString", "coordinates": [[-0.084259, 51.5024482], [-0.0843452, 51.5024797], [-0.0843773, 51.5024908], [-0.0844148, 51.5025037]]}}, {"type": "Feature", "properties": {"name": "", "kind": "road"}, "geometry": {"type": "LineString", "coordinates": [[-0.0860293, 51.5048532], [-0.0861813, 51.5047536], [-0.0862533, 51.504705], [-0.0865376, 51.5047962], [-0.0867072, 51.5047034], [-0.0867697, 51.5047331], [-0.0868054, 51.5047468], [-0.0867288, 51.5048077], [-0.0865163, 51.5049637], [-0.0864057, 51.5050648], [-0.0864538, 51.5052077], [-0.0865412, 51.5053717], [-0.0864402, 51.5053188], [-0.0863454, 51.5052634], [-0.0862722, 51.5052135], [-0.0861924, 51.5051579], [-0.0861179, 51.5050947], [-0.0862165, 51.5050217], [-0.0860293, 51.5048532]]}}, {"type": "Feature", "properties": {"name": "Battle Bridge Lane", "kind": "road"}, "geometry": {"type": "LineString", "coordinates": [[-0.0838449, 51.5050245], [-0.08387, 51.5050017], [-0.0838917, 51.5049807], [-0.083927, 51.504946]]}}, {"type": "Feature", "properties": {"name": "Tooley Street", "kind": "road"}, "geometry": {"type": "LineString", "coordinates": [[-0.083825, 51.5048995], [-0.083927, 51.504946], [-0.0841177, 51.5050281], [-0.0843394, 51.5051258]]}}, {"type": "Feature", "properties": {"name": "Tooley Street", "kind": "road"}, "geometry": {"type": "LineString", "coordinates": [[-0.0843394, 51.5051258], [-0.084452, 51.5051731], [-0.0845566, 51.5052169], [-0.0846553, 51.5052584], [-0.0848803, 51.5053528]]}}, {"type": "Feature", "properties": {"name": "", "kind": "road"}, "geometry": {"type": "LineString", "coordinates": [[-0.0875487, 51.506458], [-0.0875366, 51.5064409], [-0.0875269, 51.5064025], [-0.0875337, 51.5063452]]}}, {"type": "Feature", "properties": {"name": "Green Dragon Court", "kind": "road"}, "geometry": {"type": "LineString", "coordinates": [[-0.0895629, 51.5055634], [-0.0895363, 51.5055827]]}}, {"type": "Feature", "properties": {"name": "Green Dragon Court", "kind": "road"}, "geometry": {"type": "LineString", "coordinates": [[-0.0896714, 51.5054849], [-0.0895629, 51.5055634]]}}, {"type": "Feature", "properties": {"name": "Bermondsey Street", "kind": "road"}, "geometry": {"type": "LineString", "coordinates": [[-0.0830456, 51.5037431], [-0.0830878, 51.5038447]]}}, {"type": "Feature", "properties": {"name": "Southwark Street", "kind": "road"}, "geometry": {"type": "LineString", "coordinates": [[-0.0899509, 51.5048067], [-0.0901416, 51.5047886]]}}, {"type": "Feature", "properties": {"name": "", "kind": "road"}, "geometry": {"type": "LineString", "coordinates": [[-0.0914674, 51.5019554], [-0.0914366, 51.5020213], [-0.0912605, 51.5020175], [-0.0908795, 51.5019544], [-0.090846, 51.5019477]]}}, {"type": "Feature", "properties": {"name": "Winchester Square", "kind": "road"}, "geometry": {"type": "LineString", "coordinates": [[-0.0904158, 51.5065747], [-0.0905012, 51.5066084]]}}, {"type": "Feature", "properties": {"name": "Bedale Street", "kind": "road"}, "geometry": {"type": "LineString", "coordinates": [[-0.0903787, 51.5057841], [-0.0903255, 51.5059428]]}}, {"type": "Feature", "properties": {"name": "", "kind": "road"}, "geometry": {"type": "LineString", "coordinates": [[-0.0904279, 51.5063865], [-0.0902899, 51.506406]]}}, {"type": "Feature", "properties": {"name": "", "kind": "road"}, "geometry": {"type": "LineString", "coordinates": [[-0.0910016, 51.5064639], [-0.0909148, 51.5064536]]}}, {"type": "Feature", "properties": {"name": "Pickfords Wharf", "kind": "road"}, "geometry": {"type": "LineString", "coordinates": [[-0.0907702, 51.5069063], [-0.0910816, 51.5069652]]}}, {"type": "Feature", "properties": {"name": "Collingwood Street", "kind": "road"}, "geometry": {"type": "LineString", "coordinates": [[-0.08859, 51.5037901], [-0.08839, 51.5037289], [-0.0883681, 51.5037215], [-0.0883233, 51.5037091]]}}, {"type": "Feature", "properties": {"name": "Collingwood Street", "kind": "road"}, "geometry": {"type": "LineString", "coordinates": [[-0.0883233, 51.5037091], [-0.0880608, 51.5036367], [-0.087923, 51.5035885], [-0.0878388, 51.5035629]]}}, {"type": "Feature", "properties": {"name": "Borough High Street", "kind": "road"}, "geometry": {"type": "LineString", "coordinates": [[-0.0888318, 51.5056805], [-0.0888434, 51.5056703], [-0.0888963, 51.5056237], [-0.0890157, 51.5055186], [-0.0891643, 51.5054376]]}}, {"type": "Feature", "properties": {"name": "Borough High Street", "kind": "road"}, "geometry": {"type": "LineString", "coordinates": [[-0.0891643, 51.5054376], [-0.089276, 51.5053453], [-0.0892842, 51.5053386]]}}, {"type": "Feature", "properties": {"name": "", "kind": "road"}, "geometry": {"type": "LineString", "coordinates": [[-0.0891643, 51.5054376], [-0.0891263, 51.5055384], [-0.0890399, 51.5056247], [-0.0889324, 51.5057093], [-0.0889071, 51.5057286]]}}, {"type": "Feature", "properties": {"name": "Bedale Street", "kind": "road"}, "geometry": {"type": "LineString", "coordinates": [[-0.0895457, 51.5051977], [-0.0896216, 51.5052322], [-0.0896442, 51.5052435]]}}, {"type": "Feature", "properties": {"name": "Borough High Street", "kind": "road"}, "geometry": {"type": "LineString", "coordinates": [[-0.0893802, 51.5053368], [-0.0892842, 51.5053386]]}}, {"type": "Feature", "properties": {"name": "Borough High Street", "kind": "road"}, "geometry": {"type": "LineString", "coordinates": [[-0.0896577, 51.5050658], [-0.0896523, 51.5051187], [-0.0896429, 51.5051258], [-0.0896147, 51.5051471]]}}, {"type": "Feature", "properties": {"name": "Weston Street", "kind": "road"}, "geometry": {"type": "LineString", "coordinates": [[-0.0856053, 51.5023183], [-0.0856146, 51.5022876]]}}, {"type": "Feature", "properties": {"name": "", "kind": "road"}, "geometry": {"type": "LineString", "coordinates": [[-0.0894153, 51.5037591], [-0.0895052, 51.5036545]]}}, {"type": "Feature", "properties": {"name": "Pickfords Wharf", "kind": "road"}, "geometry": {"type": "LineString", "coordinates": [[-0.0906947, 51.5069057], [-0.0907702, 51.5069063]]}}, {"type": "Feature", "properties": {"name": "Montague Close", "kind": "road"}, "geometry": {"type": "LineString", "coordinates": [[-0.0900785, 51.5064298], [-0.0901095, 51.5064032], [-0.0901526, 51.5063434], [-0.0902411, 51.5062864]]}}]}